event_id,symbol,side,threshold,score,entry_ts,entry_utc,day,entry_price,source_payload_sha256,horizon,net,exit_ts,holding_minutes,max_gap,mfe,mae,quality,return_1m_pct,return_5m_pct,return_15m_pct,return_1h_pct,return_4h_pct,delta_norm_1m,delta_norm_5m,delta_norm_15m,oi_change_5m_pct,efficiency_1h,efficiency_4h
BTCUSDT:long:50:1788436707.984125,BTCUSDT,long,50,56,1788436707.9841254,2026-09-03T11:58:27.984125+00:00,2026-09-03,77940.6,ec94033dda218fa0e8cdb8943af6f78aa585fe8e34ee2e220d675b4744b25ff1,15,-0.05276931406738228,1788437615.7680218,15.129731607437133,60.582178831100464,0.099947909048681,-0.10918571322263704,True,,0.08218129707768806,0.04454091410279748,0.3605431840598694,0.38355134024017357,0.41547544734690667,0.37830127587406076,0.15966292032576002,0.13504345678549967,0.2002002002002077,0.051275870381210925
BTCUSDT:long:50:1788455891.082260,BTCUSDT,long,50,52,1788455891.0822597,2026-09-03T17:18:11.082260+00:00,2026-09-03,81037.7,32ea43c5d7e048f59f7e686af82844020811d21c102e58be39df7ad2ffa7c35e,15,-0.08952035904276279,1788456815.45624,15.406233004728954,61.77710032463074,0.03047964095723721,-0.1293225251950636,True,,-0.023563723216324384,0.19138779643164128,0.39806036939209477,3.2986657726778557,0.14592174633879318,0.17839325994474592,0.11994703233979737,0.023994159008888793,0.1441906386034264,0.20413024958192924
BTCUSDT:long:50:1788513426.338592,BTCUSDT,long,50,52,1788513426.3385916,2026-09-04T09:17:06.338592+00:00,2026-09-04,81218.4,1b0273cf8be91ecffefcbeced6cadee7ec435f2371f113d9439fe27ecb44f482,15,-0.2846178698422984,1788514364.1494284,15.63018061319987,62.69491100311279,0.029057454960956797,-0.3715906740344388,True,,0.1571074471889533,0.05839523967918758,0.5102337571049498,0.27000100000369454,0.3792159747381711,0.3504721751926736,0.20018461566383808,0.010188899533813967,0.2470489544010878,0.036739630755791196
BTCUSDT:long:50:1788548706.778625,BTCUSDT,long,50,50,1788548706.7786245,2026-09-04T19:05:06.778625+00:00,2026-09-04,79675.2,71bf8d9ca1478de50dce7fb41de3cb7a0d9f2edd3bd8788b2a86f5dc2d9fd4a8,15,-0.021223969315422475,1788549648.4595215,15.694681616624196,62.884082555770874,0.09877603068457752,-0.06300580356245478,True,,0.057767753537651956,0.15587445569644753,0.1913911698502302,0.8799673842304845,0.08963403807223774,0.39411039869737297,0.23804592739314875,-0.014626327486411128,0.15436105476673362,0.13110733823806828
BTCUSDT:long:50:1788599163.482048,BTCUSDT,long,50,50,1788599163.482048,2026-09-05T09:06:03.482048+00:00,2026-09-05,79656.4,a245d34e032f28b042e06a6f5fdfc3fd7a1f6db0c3180d726f56bfd2fd981f0e,15,-0.1084503944441283,1788600095.9107668,15.540478646755219,62.57560348510742,0.04896028442158418,-0.0025107838164895036,True,,0.016573919681772686,0.11449714888271956,0.05514209452033292,0.2832632938611246,0.27447830434220405,0.6599956562471491,0.5931967805636325,-0.04486170939985712,0.05809183538440768,0.08529188779378505
BTCUSDT:long:50:1788624079.365264,BTCUSDT,long,50,56,1788624079.365264,2026-09-05T16:01:19.365264+00:00,2026-09-05,79779.9,22f9a4197ad8e2c6937d21d996c23e3c4026499cd38fddb9057db5b1efaa4f8e,15,-0.1458210401366643,1788624994.4053283,15.25066773891449,61.062355756759644,0.03146155861313282,-0.06806225628258611,True,,0.03310199552370996,0.07350607679501575,0.0974878987029193,0.2423762674808705,0.8408803619607457,0.5093969212062611,0.4346657959432181,-0.003020547350918168,0.1103536429484375,0.0664141848855198
BTCUSDT:long:50:1788653741.911188,BTCUSDT,long,50,54,1788653741.911188,2026-09-06T00:15:41.911188+00:00,2026-09-06,79867.9,837cb660be6c79039ddf2460e55e6ead4852048554fb6126481d8b19ee239705,15,-0.14241200782792107,1788654658.4062164,15.274917141596477,61.67212104797363,0.03555871633034169,-0.049581872066239985,True,,-0.0037560613439957535,0.09248804109576181,0.13967513619579375,0.20500724551311134,0.5802374056515427,0.17986240950168741,0.36040090887870774,0.03288657424938002,0.1442257897462336,0.049125127773434515
BTCUSDT:long:50:1788686995.410030,BTCUSDT,long,50,58,1788686995.4100301,2026-09-06T09:29:55.410030+00:00,2026-09-06,79952.2,89edadb7ee4d438f8d0df823da01be56dafeeacea2ab88c4f4ee0722b97d6abf,15,-0.280220731887295,1788687917.333166,15.365385595957438,61.58953380584717,0.0031268683038154776,-0.16022073188729502,True,,0.03453254692546981,0.08361978534250358,0.2458746102178999,0.17817316125798843,0.877055936572684,0.5587050876477371,0.33194556546192217,0.019591701656773708,0.3226921178212806,0.04253918870407839
BTCUSDT:long:50:1788718896.157697,BTCUSDT,long,50,58,1788718896.1576972,2026-09-06T18:21:36.157697+00:00,2026-09-06,79859.6,07783afc788b941b3e33d8270e860f2f78e16f6943ea6fb348657956208cb9bc,15,-0.05526138372845757,1788719821.0062952,15.414143300056457,61.717936515808105,0.07287790071575095,-0.024543073093286072,True,,0.04234220014081025,0.11696668894007889,0.2438953973687541,0.3154185796742981,0.65006478136908,0.40183465350342856,0.2129885159383109,0.038335571352332565,0.25408656989671563,0.05379984145009063
BTCUSDT:long:50:1788736168.197905,BTCUSDT,long,50,52,1788736168.1979046,2026-09-06T23:09:28.197905+00:00,2026-09-06,80144.6,d2a71fc1e543584769a0efb3ee59f784771f05ee5395616f68d280d52f409112,15,-0.17677238391607053,1788737094.8044176,15.443441883722942,61.84192872047424,0.1303893213017382,-0.056772383916070535,True,,-0.09361790183707308,0.1959046305753942,0.6082091285348534,0.3888058000205641,0.3334155704108946,0.04159966896192421,0.27009717766224295,-0.039994631632778166,0.31706040180616935,0.07905863175589799
BTCUSDT:long:50:1788436707.984125,BTCUSDT,long,50,56,1788436707.9841254,2026-09-03T11:58:27.984125+00:00,2026-09-03,77940.6,ec94033dda218fa0e8cdb8943af6f78aa585fe8e34ee2e220d675b4744b25ff1,30,-0.12205284537199146,1788438523.9971445,30.266883651415508,60.60829496383667,0.17025786303928037,-0.10918571322263704,True,,0.08218129707768806,0.04454091410279748,0.3605431840598694,0.38355134024017357,0.41547544734690667,0.37830127587406076,0.15966292032576002,0.13504345678549967,0.2002002002002077,0.051275870381210925
BTCUSDT:long:50:1788455891.082260,BTCUSDT,long,50,52,1788455891.0822597,2026-09-03T17:18:11.082260+00:00,2026-09-03,81037.7,32ea43c5d7e048f59f7e686af82844020811d21c102e58be39df7ad2ffa7c35e,30,-0.017084937010793833,1788457740.4124777,30.822170301278433,61.976646184921265,0.1230291580338605,-0.1293225251950636,True,,-0.023563723216324384,0.19138779643164128,0.39806036939209477,3.2986657726778557,0.14592174633879318,0.17839325994474592,0.11994703233979737,0.023994159008888793,0.1441906386034264,0.20413024958192924
BTCUSDT:long:50:1788513426.338592,BTCUSDT,long,50,52,1788513426.3385916,2026-09-04T09:17:06.338592+00:00,2026-09-04,81218.4,1b0273cf8be91ecffefcbeced6cadee7ec435f2371f113d9439fe27ecb44f482,30,-0.24829605114111908,1788515239.3936808,30.21758482058843,62.69491100311279,0.029057454960956797,-0.3715906740344388,True,,0.1571074471889533,0.05839523967918758,0.5102337571049498,0.27000100000369454,0.3792159747381711,0.3504721751926736,0.20018461566383808,0.010188899533813967,0.2470489544010878,0.036739630755791196
BTCUSDT:long:50:1788548706.778625,BTCUSDT,long,50,50,1788548706.7786245,2026-09-04T19:05:06.778625+00:00,2026-09-04,79675.2,71bf8d9ca1478de50dce7fb41de3cb7a0d9f2edd3bd8788b2a86f5dc2d9fd4a8,30,-0.11447757897061972,1788550526.7803016,30.33336128393809,62.884082555770874,0.12626262626262985,-0.06300580356245478,True,,0.057767753537651956,0.15587445569644753,0.1913911698502302,0.8799673842304845,0.08963403807223774,0.39411039869737297,0.23804592739314875,-0.014626327486411128,0.15436105476673362,0.13110733823806828
BTCUSDT:long:50:1788599163.482048,BTCUSDT,long,50,50,1788599163.482048,2026-09-05T09:06:03.482048+00:00,2026-09-05,79656.4,a245d34e032f28b042e06a6f5fdfc3fd7a1f6db0c3180d726f56bfd2fd981f0e,30,-0.10367990519281267,1788600965.7089412,30.03711488644282,62.57560348510742,0.04896028442158418,-0.004770489251315624,True,,0.016573919681772686,0.11449714888271956,0.05514209452033292,0.2832632938611246,0.27447830434220405,0.6599956562471491,0.5931967805636325,-0.04486170939985712,0.05809183538440768,0.08529188779378505
BTCUSDT:long:50:1788624079.365264,BTCUSDT,long,50,56,1788624079.365264,2026-09-05T16:01:19.365264+00:00,2026-09-05,79779.9,22f9a4197ad8e2c6937d21d996c23e3c4026499cd38fddb9057db5b1efaa4f8e,30,0.05698693530576737,1788625909.4709213,30.5017609556516,61.062355756759644,0.17698693530576737,-0.06806225628258611,True,,0.03310199552370996,0.07350607679501575,0.0974878987029193,0.2423762674808705,0.8408803619607457,0.5093969212062611,0.4346657959432181,-0.003020547350918168,0.1103536429484375,0.0664141848855198
BTCUSDT:long:50:1788653741.911188,BTCUSDT,long,50,54,1788653741.911188,2026-09-06T00:15:41.911188+00:00,2026-09-06,79867.9,837cb660be6c79039ddf2460e55e6ead4852048554fb6126481d8b19ee239705,30,-0.1688306315803988,1788655574.3793516,30.541136062145235,61.67212104797363,0.03768723104027316,-0.050959146290308066,True,,-0.0037560613439957535,0.09248804109576181,0.13967513619579375,0.20500724551311134,0.5802374056515427,0.17986240950168741,0.36040090887870774,0.03288657424938002,0.1442257897462336,0.049125127773434515
BTCUSDT:long:50:1788686995.410030,BTCUSDT,long,50,58,1788686995.4100301,2026-09-06T09:29:55.410030+00:00,2026-09-06,79952.2,89edadb7ee4d438f8d0df823da01be56dafeeacea2ab88c4f4ee0722b97d6abf,30,-0.2175582910789141,1788688838.3362317,30.715436693032583,61.58953380584717,0.0031268683038154776,-0.17347865349546243,True,,0.03453254692546981,0.08361978534250358,0.2458746102178999,0.17817316125798843,0.877055936572684,0.5587050876477371,0.33194556546192217,0.019591701656773708,0.3226921178212806,0.04253918870407839
BTCUSDT:long:50:1788718896.157697,BTCUSDT,long,50,58,1788718896.1576972,2026-09-06T18:21:36.157697+00:00,2026-09-06,79859.6,07783afc788b941b3e33d8270e860f2f78e16f6943ea6fb348657956208cb9bc,30,-0.06377632745468087,1788720746.526559,30.839481031894685,61.89634394645691,0.08527465702306003,-0.024543073093286072,True,,0.04234220014081025,0.11696668894007889,0.2438953973687541,0.3154185796742981,0.65006478136908,0.40183465350342856,0.2129885159383109,0.038335571352332565,0.25408656989671563,0.05379984145009063
BTCUSDT:long:50:1788736168.197905,BTCUSDT,long,50,52,1788736168.1979046,2026-09-06T23:09:28.197905+00:00,2026-09-06,80144.6,d2a71fc1e543584769a0efb3ee59f784771f05ee5395616f68d280d52f409112,30,0.15076060021511417,1788738022.1414533,30.899059144655862,61.911033153533936,0.29159793672934864,-0.10081777187733731,True,,-0.09361790183707308,0.1959046305753942,0.6082091285348534,0.3888058000205641,0.3334155704108946,0.04159966896192421,0.27009717766224295,-0.039994631632778166,0.31706040180616935,0.07905863175589799
BTCUSDT:long:50:1788436707.984125,BTCUSDT,long,50,56,1788436707.9841254,2026-09-03T11:58:27.984125+00:00,2026-09-03,77940.6,ec94033dda218fa0e8cdb8943af6f78aa585fe8e34ee2e220d675b4744b25ff1,60,0.8831998727235703,1788440342.9720016,60.5831312696139,60.74546265602112,1.035403884496655,-0.10918571322263704,True,,0.08218129707768806,0.04454091410279748,0.3605431840598694,0.38355134024017357,0.41547544734690667,0.37830127587406076,0.15966292032576002,0.13504345678549967,0.2002002002002077,0.051275870381210925
BTCUSDT:long:50:1788455891.082260,BTCUSDT,long,50,52,1788455891.0822597,2026-09-03T17:18:11.082260+00:00,2026-09-03,81037.7,32ea43c5d7e048f59f7e686af82844020811d21c102e58be39df7ad2ffa7c35e,60,0.0027823593216381726,1788459530.7351344,60.66088124513626,61.976646184921265,0.25383247550214705,-0.1293225251950636,True,,-0.023563723216324384,0.19138779643164128,0.39806036939209477,3.2986657726778557,0.14592174633879318,0.17839325994474592,0.11994703233979737,0.023994159008888793,0.1441906386034264,0.20413024958192924
BTCUSDT:long:50:1788513426.338592,BTCUSDT,long,50,52,1788513426.3385916,2026-09-04T09:17:06.338592+00:00,2026-09-04,81218.4,1b0273cf8be91ecffefcbeced6cadee7ec435f2371f113d9439fe27ecb44f482,60,-0.6012948789929328,1788517056.410128,60.50119227568309,63.278363943099976,0.029057454960956797,-0.4812948789929328,True,,0.1571074471889533,0.05839523967918758,0.5102337571049498,0.27000100000369454,0.3792159747381711,0.3504721751926736,0.20018461566383808,0.010188899533813967,0.2470489544010878,0.036739630755791196
BTCUSDT:long:50:1788548706.778625,BTCUSDT,long,50,50,1788548706.7786245,2026-09-04T19:05:06.778625+00:00,2026-09-04,79675.2,71bf8d9ca1478de50dce7fb41de3cb7a0d9f2edd3bd8788b2a86f5dc2d9fd4a8,60,0.021072755386884023,1788552346.7844408,60.666763603687286,62.88577175140381,0.153247183565286,-0.09086892784705425,True,,0.057767753537651956,0.15587445569644753,0.1913911698502302,0.8799673842304845,0.08963403807223774,0.39411039869737297,0.23804592739314875,-0.014626327486411128,0.15436105476673362,0.13110733823806828
BTCUSDT:long:50:1788599163.482048,BTCUSDT,long,50,50,1788599163.482048,2026-09-05T09:06:03.482048+00:00,2026-09-05,79656.4,a245d34e032f28b042e06a6f5fdfc3fd7a1f6db0c3180d726f56bfd2fd981f0e,60,-0.19996846455525785,1788602766.7334626,60.054190242290495,62.57560348510742,0.04896028442158418,-0.09440547150009193,True,,0.016573919681772686,0.11449714888271956,0.05514209452033292,0.2832632938611246,0.27447830434220405,0.6599956562471491,0.5931967805636325,-0.04486170939985712,0.05809183538440768,0.08529188779378505
BTCUSDT:long:50:1788624079.365264,BTCUSDT,long,50,56,1788624079.365264,2026-09-05T16:01:19.365264+00:00,2026-09-05,79779.9,22f9a4197ad8e2c6937d21d996c23e3c4026499cd38fddb9057db5b1efaa4f8e,60,0.13106574462991916,1788627739.836609,61.00785574913025,61.19936013221741,0.4318130255866359,-0.06806225628258611,True,,0.03310199552370996,0.07350607679501575,0.0974878987029193,0.2423762674808705,0.8408803619607457,0.5093969212062611,0.4346657959432181,-0.003020547350918168,0.1103536429484375,0.0664141848855198
BTCUSDT:long:50:1788653741.911188,BTCUSDT,long,50,54,1788653741.911188,2026-09-06T00:15:41.911188+00:00,2026-09-06,79867.9,837cb660be6c79039ddf2460e55e6ead4852048554fb6126481d8b19ee239705,60,-0.0637821703087037,1788657344.8926783,60.04969150622686,61.67212104797363,0.11506500108304785,-0.06022444561580853,True,,-0.0037560613439957535,0.09248804109576181,0.13967513619579375,0.20500724551311134,0.5802374056515427,0.17986240950168741,0.36040090887870774,0.03288657424938002,0.1442257897462336,0.049125127773434515
BTCUSDT:long:50:1788686995.410030,BTCUSDT,long,50,58,1788686995.4100301,2026-09-06T09:29:55.410030+00:00,2026-09-06,79952.2,89edadb7ee4d438f8d0df823da01be56dafeeacea2ab88c4f4ee0722b97d6abf,60,-0.12938060491143533,1788690620.4839745,60.41789907217026,61.58953380584717,0.0031268683038154776,-0.17347865349546243,True,,0.03453254692546981,0.08361978534250358,0.2458746102178999,0.17817316125798843,0.877055936572684,0.5587050876477371,0.33194556546192217,0.019591701656773708,0.3226921178212806,0.04253918870407839
BTCUSDT:long:50:1788718896.157697,BTCUSDT,long,50,58,1788718896.1576972,2026-09-06T18:21:36.157697+00:00,2026-09-06,79859.6,07783afc788b941b3e33d8270e860f2f78e16f6943ea6fb348657956208cb9bc,60,-0.1973858121002391,1788722535.7288005,60.65951838890712,61.89634394645691,0.08527465702306003,-0.08489899774103415,True,,0.04234220014081025,0.11696668894007889,0.2438953973687541,0.3154185796742981,0.65006478136908,0.40183465350342856,0.2129885159383109,0.038335571352332565,0.25408656989671563,0.05379984145009063
BTCUSDT:long:50:1788736168.197905,BTCUSDT,long,50,52,1788736168.1979046,2026-09-06T23:09:28.197905+00:00,2026-09-06,80144.6,d2a71fc1e543584769a0efb3ee59f784771f05ee5395616f68d280d52f409112,60,0.11532465069386888,1788739816.592067,60.80656937360764,62.18770480155945,0.4559259139105931,-0.10081777187733731,True,,-0.09361790183707308,0.1959046305753942,0.6082091285348534,0.3888058000205641,0.3334155704108946,0.04159966896192421,0.27009717766224295,-0.039994631632778166,0.31706040180616935,0.07905863175589799
BTCUSDT:long:50:1788436707.984125,BTCUSDT,long,50,56,1788436707.9841254,2026-09-03T11:58:27.984125+00:00,2026-09-03,77940.6,ec94033dda218fa0e8cdb8943af6f78aa585fe8e34ee2e220d675b4744b25ff1,240,4.213941488774773,1788451149.743798,240.69599454402925,61.62838363647461,4.333941488774773,-0.10918571322263704,True,,0.08218129707768806,0.04454091410279748,0.3605431840598694,0.38355134024017357,0.41547544734690667,0.37830127587406076,0.15966292032576002,0.13504345678549967,0.2002002002002077,0.051275870381210925
BTCUSDT:long:50:1788455891.082260,BTCUSDT,long,50,52,1788455891.0822597,2026-09-03T17:18:11.082260+00:00,2026-09-03,81037.7,32ea43c5d7e048f59f7e686af82844020811d21c102e58be39df7ad2ffa7c35e,240,0.4652831459925545,1788470350.2053623,240.98538504441578,62.17283844947815,0.8558979339245987,-0.21668926931538435,True,,-0.023563723216324384,0.19138779643164128,0.39806036939209477,3.2986657726778557,0.14592174633879318,0.17839325994474592,0.11994703233979737,0.023994159008888793,0.1441906386034264,0.20413024958192924
BTCUSDT:long:50:1788513426.338592,BTCUSDT,long,50,52,1788513426.3385916,2026-09-04T09:17:06.338592+00:00,2026-09-04,81218.4,1b0273cf8be91ecffefcbeced6cadee7ec435f2371f113d9439fe27ecb44f482,240,-2.424896427410541,1788527855.9874413,240.49414749542873,63.89668869972229,0.1875190843454222,-2.5197492193887117,True,,0.1571074471889533,0.05839523967918758,0.5102337571049498,0.27000100000369454,0.3792159747381711,0.3504721751926736,0.20018461566383808,0.010188899533813967,0.2470489544010878,0.036739630755791196
BTCUSDT:long:50:1788548706.778625,BTCUSDT,long,50,50,1788548706.7786245,2026-09-04T19:05:06.778625+00:00,2026-09-04,79675.2,71bf8d9ca1478de50dce7fb41de3cb7a0d9f2edd3bd8788b2a86f5dc2d9fd4a8,240,-0.2043424302668816,1788563125.7648072,240.31643637816111,125.40226721763611,0.153247183565286,-0.15738899933730455,False,,0.057767753537651956,0.15587445569644753,0.1913911698502302,0.8799673842304845,0.08963403807223774,0.39411039869737297,0.23804592739314875,-0.014626327486411128,0.15436105476673362,0.13110733823806828
BTCUSDT:long:50:1788599163.482048,BTCUSDT,long,50,50,1788599163.482048,2026-09-05T09:06:03.482048+00:00,2026-09-05,79656.4,a245d34e032f28b042e06a6f5fdfc3fd7a1f6db0c3180d726f56bfd2fd981f0e,240,-0.12590034196875644,1788613605.5337665,240.70086197455723,62.57560348510742,0.09277346201939096,-0.13759095314374026,True,,0.016573919681772686,0.11449714888271956,0.05514209452033292,0.2832632938611246,0.27447830434220405,0.6599956562471491,0.5931967805636325,-0.04486170939985712,0.05809183538440768,0.08529188779378505
BTCUSDT:long:50:1788624079.365264,BTCUSDT,long,50,56,1788624079.365264,2026-09-05T16:01:19.365264+00:00,2026-09-05,79779.9,22f9a4197ad8e2c6937d21d996c23e3c4026499cd38fddb9057db5b1efaa4f8e,240,-0.14569569528164672,1788638482.9163954,240.05918552478155,61.19936013221741,0.4318130255866359,-0.13223882205919413,True,,0.03310199552370996,0.07350607679501575,0.0974878987029193,0.2423762674808705,0.8408803619607457,0.5093969212062611,0.4346657959432181,-0.003020547350918168,0.1103536429484375,0.0664141848855198
BTCUSDT:long:50:1788653741.911188,BTCUSDT,long,50,54,1788653741.911188,2026-09-06T00:15:41.911188+00:00,2026-09-06,79867.9,837cb660be6c79039ddf2460e55e6ead4852048554fb6126481d8b19ee239705,240,-0.0363618925751118,1788668168.5079284,240.44327900807062,61.67212104797363,0.24916142780766481,-0.06022444561580853,True,,-0.0037560613439957535,0.09248804109576181,0.13967513619579375,0.20500724551311134,0.5802374056515427,0.17986240950168741,0.36040090887870774,0.03288657424938002,0.1442257897462336,0.049125127773434515
BTCUSDT:long:50:1788686995.410030,BTCUSDT,long,50,58,1788686995.4100301,2026-09-06T09:29:55.410030+00:00,2026-09-06,79952.2,89edadb7ee4d438f8d0df823da01be56dafeeacea2ab88c4f4ee0722b97d6abf,240,-0.37627812618038703,1788701440.5211377,240.75185179313024,61.68413329124451,0.03477077553839525,-0.25627812618038703,True,,0.03453254692546981,0.08361978534250358,0.2458746102178999,0.17817316125798843,0.877055936572684,0.5587050876477371,0.33194556546192217,0.019591701656773708,0.3226921178212806,0.04253918870407839
BTCUSDT:long:50:1788718896.157697,BTCUSDT,long,50,58,1788718896.1576972,2026-09-06T18:21:36.157697+00:00,2026-09-06,79859.6,07783afc788b941b3e33d8270e860f2f78e16f6943ea6fb348657956208cb9bc,240,-0.37983100341098186,1788733328.597467,240.5406628290812,62.00113320350647,0.1749320056699366,-0.3191851699733128,True,,0.04234220014081025,0.11696668894007889,0.2438953973687541,0.3154185796742981,0.65006478136908,0.40183465350342856,0.2129885159383109,0.038335571352332565,0.25408656989671563,0.05379984145009063
BTCUSDT:long:50:1788736168.197905,BTCUSDT,long,50,52,1788736168.1979046,2026-09-06T23:09:28.197905+00:00,2026-09-06,80144.6,d2a71fc1e543584769a0efb3ee59f784771f05ee5395616f68d280d52f409112,240,,,,,,,False,,-0.09361790183707308,0.1959046305753942,0.6082091285348534,0.3888058000205641,0.3334155704108946,0.04159966896192421,0.27009717766224295,-0.039994631632778166,0.31706040180616935,0.07905863175589799
BTCUSDT:long:60:1788440586.051896,BTCUSDT,long,60,65,1788440586.051896,2026-09-03T13:03:06.051896+00:00,2026-09-03,78622.4,3a64b16bf120ba9cae0fb17ba608eeb585f97fa2533fe899576dcf7b895475dc,15,-0.339403121756645,1788441496.7129288,15.177683877944947,60.770556688308716,0.001017521724100412,-0.219403121756645,True,,-0.12715551462416652,0.3433163079075152,0.9248811646442423,1.090593024421982,0.15132337437324575,-0.21987603097271619,0.302090087140736,-0.13444535146680536,0.27562067250679256,0.12342122111634679
BTCUSDT:long:60:1788459037.146044,BTCUSDT,long,60,62,1788459037.1460435,2026-09-03T18:10:37.146044+00:00,2026-09-03,81233.5,42b1443a073320a463d916cf18ed88329a5d935e4ace91aec93186527deb2247,15,-0.4539755150276735,1788459962.5208716,15.422913801670074,61.82240390777588,0.012187090301418735,-0.33397551502767353,True,,0.06750539242437181,0.30845713396647767,0.33930838895832593,3.088067147122908,0.503747366399801,0.28607627709834055,0.22670009092028917,0.08171105356353792,0.16272732658018363,0.20150378430301097
BTCUSDT:long:60:1788521248.493106,BTCUSDT,long,60,62,1788521248.493106,2026-09-04T11:27:28.493106+00:00,2026-09-04,81302.9,f391ba7ab5b6c3c80bc3213a95fed60c2bd0a2bfbf0b98130e70ba82699bef7a,15,-0.23574002895344826,1788522187.9006004,15.656791575749715,62.72344899177551,0.08339185933097237,-0.12619476058048917,True,,0.0908541397109941,0.2300400782579981,0.544752567324247,0.5532084357793288,0.7040743843101255,0.4667523915618335,0.1921436939384547,0.16720392914115756,0.28613186099382915,0.06658925461122639
BTCUSDT:long:60:1788549899.506735,BTCUSDT,long,60,65,1788549899.506735,2026-09-04T19:24:59.506735+00:00,2026-09-04,79758,51e301e95897615489fd898ac0c7732edae4fc86e46d89b7979e84521c552ec1,15,-0.26218009478672577,1788550840.4006536,15.681565308570862,62.86910700798035,0.022317510469171964,-0.18756739135886713,True,,0.00514081443039327,0.12955904728904066,0.2740759366356649,0.5804708081066812,0.12888971584136658,-0.05169530869224737,0.24740188355649873,-0.05057163641588591,0.22932884494003647,0.09072989967082726
BTCUSDT:long:60:1788626092.492374,BTCUSDT,long,60,62,1788626092.4923737,2026-09-05T16:34:52.492374+00:00,2026-09-05,79940.8,be8c32527e3c311341ed4dcd81f02d8c44f4cbaf13fdad3dd1451b7674a3c479,15,-0.09998518903989939,1788627007.5312347,15.250647683938345,61.121010065078735,0.020014810960100604,-0.06429758020936038,True,,0.08300521443014297,0.16740344229593251,0.34078371468055924,0.38223726838482186,0.7387946068577513,0.40347010849329573,0.3826220180154241,0.1026884728523525,0.3177296664716208,0.09469296335469632
BTCUSDT:long:60:1788691726.477256,BTCUSDT,long,60,69,1788691726.4772556,2026-09-06T10:48:46.477256+00:00,2026-09-06,79946.6,327b13112dd4eb6743b29ef930f6215b14a6ef941bb9f5bb3fd5c26a31dd5711,15,-0.10286356142724873,1788692648.6096122,15.368872610727946,61.61127233505249,0.03427287714548033,-0.006379258154820544,True,,-0.041760440110016894,-0.0005003314695883887,0.14844396897835122,0.3026143774449652,-0.5832615572874855,-0.6287288840161561,0.4884025607651708,-0.015246987390038491,0.25610546790578015,0.08850726552179951
BTCUSDT:long:60:1788719759.288359,BTCUSDT,long,60,62,1788719759.2883587,2026-09-06T18:35:59.288359+00:00,2026-09-06,79917.8,4a14c0b6c927316bf0398dd76be4a1016f46f18d8d22f56f8664314cfb0390c9,15,-0.13238772839092794,1788720684.8737462,15.4264231244723,61.89634394645691,0.012387728390916841,-0.0426688422354049,True,,0.02728547111245927,0.07287790071575095,0.30133901957511977,0.48230823972581494,0.7217944550768325,0.4213422569516777,0.26179862563090345,0.15617858358936143,0.3404225152417831,0.08870184525736786
BTCUSDT:long:60:1788736600.471488,BTCUSDT,long,60,71,1788736600.4714878,2026-09-06T23:16:40.471488+00:00,2026-09-06,80120.8,e20b10408aee3bb41d999abc78d2a95072f61fe489c755894c0ae9e53a4a8d1a,15,-0.11787820391210502,1788737527.7144525,15.454049412409464,61.911033153533936,0.16013319886971633,-0.07114257471217966,True,,-0.039424895573925145,0.07406806017873357,0.5519509042306137,0.3617596953602531,-0.12442067178135657,-0.19814688190621826,0.3242312279235483,0.07574926801650061,0.3131140538231695,0.07195176640590031
BTCUSDT:long:60:1788440586.051896,BTCUSDT,long,60,65,1788440586.051896,2026-09-03T13:03:06.051896+00:00,2026-09-03,78622.4,3a64b16bf120ba9cae0fb17ba608eeb585f97fa2533fe899576dcf7b895475dc,30,-0.19402470542745565,1788442407.0880842,30.35060313542684,60.770556688308716,0.001017521724100412,-0.2698976373145534,True,,-0.12715551462416652,0.3433163079075152,0.9248811646442423,1.090593024421982,0.15132337437324575,-0.21987603097271619,0.302090087140736,-0.13444535146680536,0.27562067250679256,0.12342122111634679
BTCUSDT:long:60:1788459037.146044,BTCUSDT,long,60,62,1788459037.1460435,2026-09-03T18:10:37.146044+00:00,2026-09-03,81233.5,42b1443a073320a463d916cf18ed88329a5d935e4ace91aec93186527deb2247,30,-0.4202455883348576,1788460888.1491547,30.850051852067313,61.97655534744263,0.012187090301418735,-0.4572005391864087,True,,0.06750539242437181,0.30845713396647767,0.33930838895832593,3.088067147122908,0.503747366399801,0.28607627709834055,0.22670009092028917,0.08171105356353792,0.16272732658018363,0.20150378430301097
BTCUSDT:long:60:1788521248.493106,BTCUSDT,long,60,62,1788521248.493106,2026-09-04T11:27:28.493106+00:00,2026-09-04,81302.9,f391ba7ab5b6c3c80bc3213a95fed60c2bd0a2bfbf0b98130e70ba82699bef7a,30,-0.2457027732098126,1788523064.489432,30.26660543680191,62.77421164512634,0.08339185933097237,-0.13997040695964413,True,,0.0908541397109941,0.2300400782579981,0.544752567324247,0.5532084357793288,0.7040743843101255,0.4667523915618335,0.1921436939384547,0.16720392914115756,0.28613186099382915,0.06658925461122639
BTCUSDT:long:60:1788549899.506735,BTCUSDT,long,60,65,1788549899.506735,2026-09-04T19:24:59.506735+00:00,2026-09-04,79758,51e301e95897615489fd898ac0c7732edae4fc86e46d89b7979e84521c552ec1,30,-0.22456631309710973,1788551719.1160352,30.32682166894277,62.88577175140381,0.022317510469171964,-0.1945886306075839,True,,0.00514081443039327,0.12955904728904066,0.2740759366356649,0.5804708081066812,0.12888971584136658,-0.05169530869224737,0.24740188355649873,-0.05057163641588591,0.22932884494003647,0.09072989967082726
BTCUSDT:long:60:1788626092.492374,BTCUSDT,long,60,62,1788626092.4923737,2026-09-05T16:34:52.492374+00:00,2026-09-05,79940.8,be8c32527e3c311341ed4dcd81f02d8c44f4cbaf13fdad3dd1451b7674a3c479,30,-0.06358325160619394,1788627923.039579,30.50912008682887,61.19936013221741,0.22966995576725324,-0.06429758020936038,True,,0.08300521443014297,0.16740344229593251,0.34078371468055924,0.38223726838482186,0.7387946068577513,0.40347010849329573,0.3826220180154241,0.1026884728523525,0.3177296664716208,0.09469296335469632
BTCUSDT:long:60:1788691726.477256,BTCUSDT,long,60,69,1788691726.4772556,2026-09-06T10:48:46.477256+00:00,2026-09-06,79946.6,327b13112dd4eb6743b29ef930f6215b14a6ef941bb9f5bb3fd5c26a31dd5711,30,-0.14451636467342144,1788693569.71393,30.720611238479613,61.61127233505249,0.03427287714548033,-0.08330560649234542,True,,-0.041760440110016894,-0.0005003314695883887,0.14844396897835122,0.3026143774449652,-0.5832615572874855,-0.6287288840161561,0.4884025607651708,-0.015246987390038491,0.25610546790578015,0.08850726552179951
BTCUSDT:long:60:1788719759.288359,BTCUSDT,long,60,62,1788719759.2883587,2026-09-06T18:35:59.288359+00:00,2026-09-06,79917.8,4a14c0b6c927316bf0398dd76be4a1016f46f18d8d22f56f8664314cfb0390c9,30,-0.2053376844707876,1788721610.2428656,30.849241781234742,61.89634394645691,0.012387728390916841,-0.0853376844707876,True,,0.02728547111245927,0.07287790071575095,0.30133901957511977,0.48230823972581494,0.7217944550768325,0.4213422569516777,0.26179862563090345,0.15617858358936143,0.3404225152417831,0.08870184525736786
BTCUSDT:long:60:1788736600.471488,BTCUSDT,long,60,71,1788736600.4714878,2026-09-06T23:16:40.471488+00:00,2026-09-06,80120.8,e20b10408aee3bb41d999abc78d2a95072f61fe489c755894c0ae9e53a4a8d1a,30,0.2845141835827826,1788738454.9135785,30.907368179162344,61.91857290267944,0.48576649259617355,-0.07114257471217966,True,,-0.039424895573925145,0.07406806017873357,0.5519509042306137,0.3617596953602531,-0.12442067178135657,-0.19814688190621826,0.3242312279235483,0.07574926801650061,0.3131140538231695,0.07195176640590031
BTCUSDT:long:60:1788440586.051896,BTCUSDT,long,60,65,1788440586.051896,2026-09-03T13:03:06.051896+00:00,2026-09-03,78622.4,3a64b16bf120ba9cae0fb17ba608eeb585f97fa2533fe899576dcf7b895475dc,60,0.14023118093572162,1788444232.042926,60.766517166296644,60.954556941986084,0.38653106493824474,-0.2698976373145534,True,,-0.12715551462416652,0.3433163079075152,0.9248811646442423,1.090593024421982,0.15132337437324575,-0.21987603097271619,0.302090087140736,-0.13444535146680536,0.27562067250679256,0.12342122111634679
BTCUSDT:long:60:1788459037.146044,BTCUSDT,long,60,62,1788459037.1460435,2026-09-03T18:10:37.146044+00:00,2026-09-03,81233.5,42b1443a073320a463d916cf18ed88329a5d935e4ace91aec93186527deb2247,60,-0.10313503665359203,1788462677.9704971,60.680407559871675,62.0057156085968,0.19277761022238327,-0.4572005391864087,True,,0.06750539242437181,0.30845713396647767,0.33930838895832593,3.088067147122908,0.503747366399801,0.28607627709834055,0.22670009092028917,0.08171105356353792,0.16272732658018363,0.20150378430301097
BTCUSDT:long:60:1788521248.493106,BTCUSDT,long,60,62,1788521248.493106,2026-09-04T11:27:28.493106+00:00,2026-09-04,81302.9,f391ba7ab5b6c3c80bc3213a95fed60c2bd0a2bfbf0b98130e70ba82699bef7a,60,-0.21716750571012733,1788524883.593586,60.585008001327516,62.99647569656372,0.08339185933097237,-0.25115955273428137,True,,0.0908541397109941,0.2300400782579981,0.544752567324247,0.5532084357793288,0.7040743843101255,0.4667523915618335,0.1921436939384547,0.16720392914115756,0.28613186099382915,0.06658925461122639
BTCUSDT:long:60:1788549899.506735,BTCUSDT,long,60,65,1788549899.506735,2026-09-04T19:24:59.506735+00:00,2026-09-04,79758,51e301e95897615489fd898ac0c7732edae4fc86e46d89b7979e84521c552ec1,60,-0.16463502093834392,1788553537.6857145,60.63631632328033,62.91976284980774,0.04927405401340401,-0.1945886306075839,True,,0.00514081443039327,0.12955904728904066,0.2740759366356649,0.5804708081066812,0.12888971584136658,-0.05169530869224737,0.24740188355649873,-0.05057163641588591,0.22932884494003647,0.09072989967082726
BTCUSDT:long:60:1788626092.492374,BTCUSDT,long,60,62,1788626092.4923737,2026-09-05T16:34:52.492374+00:00,2026-09-05,79940.8,be8c32527e3c311341ed4dcd81f02d8c44f4cbaf13fdad3dd1451b7674a3c479,60,-0.014797149890934835,1788629694.035659,60.02572142283122,61.19936013221741,0.22966995576725324,-0.06429758020936038,True,,0.08300521443014297,0.16740344229593251,0.34078371468055924,0.38223726838482186,0.7387946068577513,0.40347010849329573,0.3826220180154241,0.1026884728523525,0.3177296664716208,0.09469296335469632
BTCUSDT:long:60:1788691726.477256,BTCUSDT,long,60,69,1788691726.4772556,2026-09-06T10:48:46.477256+00:00,2026-09-06,79946.6,327b13112dd4eb6743b29ef930f6215b14a6ef941bb9f5bb3fd5c26a31dd5711,60,-0.16052705180709326,1788695352.5537865,60.43460884888967,61.61127233505249,0.03427287714548033,-0.10894772260484631,True,,-0.041760440110016894,-0.0005003314695883887,0.14844396897835122,0.3026143774449652,-0.5832615572874855,-0.6287288840161561,0.4884025607651708,-0.015246987390038491,0.25610546790578015,0.08850726552179951
BTCUSDT:long:60:1788719759.288359,BTCUSDT,long,60,62,1788719759.2883587,2026-09-06T18:35:59.288359+00:00,2026-09-06,79917.8,4a14c0b6c927316bf0398dd76be4a1016f46f18d8d22f56f8664314cfb0390c9,60,-0.29893385453553456,1788723399.3556108,60.66778753598531,61.89634394645691,0.012387728390916841,-0.18106104021882174,True,,0.02728547111245927,0.07287790071575095,0.30133901957511977,0.48230823972581494,0.7217944550768325,0.4213422569516777,0.26179862563090345,0.15617858358936143,0.3404225152417831,0.08870184525736786
BTCUSDT:long:60:1788736600.471488,BTCUSDT,long,60,71,1788736600.4714878,2026-09-06T23:16:40.471488+00:00,2026-09-06,80120.8,e20b10408aee3bb41d999abc78d2a95072f61fe489c755894c0ae9e53a4a8d1a,60,-0.07257161685855429,1788740249.640352,60.81948107083638,62.18770480155945,0.48576649259617355,-0.07114257471217966,True,,-0.039424895573925145,0.07406806017873357,0.5519509042306137,0.3617596953602531,-0.12442067178135657,-0.19814688190621826,0.3242312279235483,0.07574926801650061,0.3131140538231695,0.07195176640590031
BTCUSDT:long:60:1788440586.051896,BTCUSDT,long,60,65,1788440586.051896,2026-09-03T13:03:06.051896+00:00,2026-09-03,78622.4,3a64b16bf120ba9cae0fb17ba608eeb585f97fa2533fe899576dcf7b895475dc,240,2.7551348216284444,1788455028.4281657,240.7062711596489,61.72584772109985,3.4352805307393375,-0.2698976373145534,True,,-0.12715551462416652,0.3433163079075152,0.9248811646442423,1.090593024421982,0.15132337437324575,-0.21987603097271619,0.302090087140736,-0.13444535146680536,0.27562067250679256,0.12342122111634679
BTCUSDT:long:60:1788459037.146044,BTCUSDT,long,60,62,1788459037.1460435,2026-09-03T18:10:37.146044+00:00,2026-09-03,81233.5,42b1443a073320a463d916cf18ed88329a5d935e4ace91aec93186527deb2247,240,0.06526839296595377,1788473450.1490464,240.21671671470006,62.204670667648315,1.252069651067611,-0.4572005391864087,True,,0.06750539242437181,0.30845713396647767,0.33930838895832593,3.088067147122908,0.503747366399801,0.28607627709834055,0.22670009092028917,0.08171105356353792,0.16272732658018363,0.20150378430301097
BTCUSDT:long:60:1788521248.493106,BTCUSDT,long,60,62,1788521248.493106,2026-09-04T11:27:28.493106+00:00,2026-09-04,81302.9,f391ba7ab5b6c3c80bc3213a95fed60c2bd0a2bfbf0b98130e70ba82699bef7a,240,-2.551401585921278,1788535689.006757,240.6752275188764,63.89668869972229,0.08339185933097237,-3.2749139329593335,True,,0.0908541397109941,0.2300400782579981,0.544752567324247,0.5532084357793288,0.7040743843101255,0.4667523915618335,0.1921436939384547,0.16720392914115756,0.28613186099382915,0.06658925461122639
BTCUSDT:long:60:1788549899.506735,BTCUSDT,long,60,65,1788549899.506735,2026-09-04T19:24:59.506735+00:00,2026-09-04,79758,51e301e95897615489fd898ac0c7732edae4fc86e46d89b7979e84521c552ec1,240,-0.22456631309710973,1788564314.8290033,240.25537113746006,125.40226721763611,0.04927405401340401,-0.2610396449258978,False,,0.00514081443039327,0.12955904728904066,0.2740759366356649,0.5804708081066812,0.12888971584136658,-0.05169530869224737,0.24740188355649873,-0.05057163641588591,0.22932884494003647,0.09072989967082726
BTCUSDT:long:60:1788626092.492374,BTCUSDT,long,60,62,1788626092.4923737,2026-09-05T16:34:52.492374+00:00,2026-09-05,79940.8,be8c32527e3c311341ed4dcd81f02d8c44f4cbaf13fdad3dd1451b7674a3c479,240,-0.458750675499877,1788640496.935666,240.07405487298965,61.19936013221741,0.22966995576725324,-0.36126733782999576,True,,0.08300521443014297,0.16740344229593251,0.34078371468055924,0.38223726838482186,0.7387946068577513,0.40347010849329573,0.3826220180154241,0.1026884728523525,0.3177296664716208,0.09469296335469632
BTCUSDT:long:60:1788691726.477256,BTCUSDT,long,60,69,1788691726.4772556,2026-09-06T10:48:46.477256+00:00,2026-09-06,79946.6,327b13112dd4eb6743b29ef930f6215b14a6ef941bb9f5bb3fd5c26a31dd5711,240,-0.529523356840702,1788706184.0951362,240.96029800971348,61.74219369888306,0.035523712077800695,-0.6704475237220842,True,,-0.041760440110016894,-0.0005003314695883887,0.14844396897835122,0.3026143774449652,-0.5832615572874855,-0.6287288840161561,0.4884025607651708,-0.015246987390038491,0.25610546790578015,0.08850726552179951
BTCUSDT:long:60:1788719759.288359,BTCUSDT,long,60,62,1788719759.2883587,2026-09-06T18:35:59.288359+00:00,2026-09-06,79917.8,4a14c0b6c927316bf0398dd76be4a1016f46f18d8d22f56f8664314cfb0390c9,240,-0.11211690011486908,1788734192.434457,240.55243497292201,62.00113320350647,0.10197978422830101,-0.39177755143410264,True,,0.02728547111245927,0.07287790071575095,0.30133901957511977,0.48230823972581494,0.7217944550768325,0.4213422569516777,0.26179862563090345,0.15617858358936143,0.3404225152417831,0.08870184525736786
BTCUSDT:long:60:1788736600.471488,BTCUSDT,long,60,71,1788736600.4714878,2026-09-06T23:16:40.471488+00:00,2026-09-06,80120.8,e20b10408aee3bb41d999abc78d2a95072f61fe489c755894c0ae9e53a4a8d1a,240,,,,,,,False,,-0.039424895573925145,0.07406806017873357,0.5519509042306137,0.3617596953602531,-0.12442067178135657,-0.19814688190621826,0.3242312279235483,0.07574926801650061,0.3131140538231695,0.07195176640590031
BTCUSDT:long:70:1788440646.763561,BTCUSDT,long,70,85,1788440646.7635615,2026-09-03T13:04:06.763561+00:00,2026-09-03,78623.2,4fbb8cf7e91b8fcc6e7cbc895546e35d822156a3bae99b765a4fa7ae04078df3,15,-0.3583520385840221,1788441557.425306,15.1776957432429,60.770556688308716,0.0,-0.2383520385840221,True,,-0.006486214251111289,0.3855916405775206,0.9566220071855813,1.0847331237665347,0.15068537941694884,-0.24220566161999035,0.2990434463980152,-0.10692499776153719,0.28751157764742397,0.12284686731023774
BTCUSDT:long:70:1788691787.977298,BTCUSDT,long,70,75,1788691787.9772978,2026-09-06T10:49:47.977298+00:00,2026-09-06,79945.8,eeec6a741cbc29fd217de6e1a78e39fefe6a5add49107af6a5ad41c316c72018,15,-0.13751186428805562,1788692710.0624704,15.368086210886638,61.61127233505249,0.03527389806594616,-0.017511864288055623,True,,-0.03451147506544627,0.0013759511262145807,0.15045279903591613,0.252054052427253,-0.1789781886154094,-0.6908413293824529,0.486537994231129,-0.015859956145458654,0.26046410756888283,0.07481575225191595
BTCUSDT:long:70:1788719882.769560,BTCUSDT,long,70,71,1788719882.7695603,2026-09-06T18:38:02.769560+00:00,2026-09-06,79915.9,8f1130cb182c6e8b6ed1af581b3db13530da0836c45833901fdc54548a6e8b36,15,-0.15966669961796842,1788720808.163945,15.423239743709564,61.89634394645691,0.01476552225527783,-0.040292357340654394,True,,0.014767702783702319,0.07037341738072023,0.24661531147411875,0.4503655213329516,-0.11851768197652587,-0.1575714831771402,0.23424837822029868,0.07149466942779625,0.2986934062595233,0.08339345979285363
BTCUSDT:long:70:1788736600.471488,BTCUSDT,long,70,71,1788736600.4714878,2026-09-06T23:16:40.471488+00:00,2026-09-06,80120.8,e20b10408aee3bb41d999abc78d2a95072f61fe489c755894c0ae9e53a4a8d1a,15,-0.11787820391210502,1788737527.7144525,15.454049412409464,61.911033153533936,0.16013319886971633,-0.07114257471217966,True,,-0.039424895573925145,0.07406806017873357,0.5519509042306137,0.3617596953602531,-0.12442067178135657,-0.19814688190621826,0.3242312279235483,0.07574926801650061,0.3131140538231695,0.07195176640590031
BTCUSDT:long:70:1788440646.763561,BTCUSDT,long,70,85,1788440646.7635615,2026-09-03T13:04:06.763561+00:00,2026-09-03,78623.2,4fbb8cf7e91b8fcc6e7cbc895546e35d822156a3bae99b765a4fa7ae04078df3,30,-0.14645529563792825,1788442467.8088953,30.350755564371745,60.770556688308716,0.0,-0.2709124024460996,True,,-0.006486214251111289,0.3855916405775206,0.9566220071855813,1.0847331237665347,0.15068537941694884,-0.24220566161999035,0.2990434463980152,-0.10692499776153719,0.28751157764742397,0.12284686731023774
BTCUSDT:long:70:1788691787.977298,BTCUSDT,long,70,75,1788691787.9772978,2026-09-06T10:49:47.977298+00:00,2026-09-06,79945.8,eeec6a741cbc29fd217de6e1a78e39fefe6a5add49107af6a5ad41c316c72018,30,-0.18742067750902247,1788693631.186173,30.720147919654845,61.61127233505249,0.03527389806594616,-0.08230576215386698,True,,-0.03451147506544627,0.0013759511262145807,0.15045279903591613,0.252054052427253,-0.1789781886154094,-0.6908413293824529,0.486537994231129,-0.015859956145458654,0.26046410756888283,0.07481575225191595
BTCUSDT:long:70:1788719882.769560,BTCUSDT,long,70,71,1788719882.7695603,2026-09-06T18:38:02.769560+00:00,2026-09-06,79915.9,8f1130cb182c6e8b6ed1af581b3db13530da0836c45833901fdc54548a6e8b36,30,-0.2232335242423632,1788721733.5392637,30.846161723136902,61.89634394645691,0.01476552225527783,-0.1032335242423632,True,,0.014767702783702319,0.07037341738072023,0.24661531147411875,0.4503655213329516,-0.11851768197652587,-0.1575714831771402,0.23424837822029868,0.07149466942779625,0.2986934062595233,0.08339345979285363
BTCUSDT:long:70:1788736600.471488,BTCUSDT,long,70,71,1788736600.4714878,2026-09-06T23:16:40.471488+00:00,2026-09-06,80120.8,e20b10408aee3bb41d999abc78d2a95072f61fe489c755894c0ae9e53a4a8d1a,30,0.2845141835827826,1788738454.9135785,30.907368179162344,61.91857290267944,0.48576649259617355,-0.07114257471217966,True,,-0.039424895573925145,0.07406806017873357,0.5519509042306137,0.3617596953602531,-0.12442067178135657,-0.19814688190621826,0.3242312279235483,0.07574926801650061,0.3131140538231695,0.07195176640590031
BTCUSDT:long:70:1788440646.763561,BTCUSDT,long,70,85,1788440646.7635615,2026-09-03T13:04:06.763561+00:00,2026-09-03,78623.2,4fbb8cf7e91b8fcc6e7cbc895546e35d822156a3bae99b765a4fa7ae04078df3,60,0.18385433307218435,1788444292.9185503,60.76924981276194,60.954556941986084,0.3855096205700237,-0.2709124024460996,True,,-0.006486214251111289,0.3855916405775206,0.9566220071855813,1.0847331237665347,0.15068537941694884,-0.24220566161999035,0.2990434463980152,-0.10692499776153719,0.28751157764742397,0.12284686731023774
BTCUSDT:long:70:1788691787.977298,BTCUSDT,long,70,75,1788691787.9772978,2026-09-06T10:49:47.977298+00:00,2026-09-06,79945.8,eeec6a741cbc29fd217de6e1a78e39fefe6a5add49107af6a5ad41c316c72018,60,-0.15227186418799377,1788695414.0714936,60.434903264045715,61.61127233505249,0.03527389806594616,-0.10794813486136867,True,,-0.03451147506544627,0.0013759511262145807,0.15045279903591613,0.252054052427253,-0.1789781886154094,-0.6908413293824529,0.486537994231129,-0.015859956145458654,0.26046410756888283,0.07481575225191595
BTCUSDT:long:70:1788719882.769560,BTCUSDT,long,70,71,1788719882.7695603,2026-09-06T18:38:02.769560+00:00,2026-09-06,79915.9,8f1130cb182c6e8b6ed1af581b3db13530da0836c45833901fdc54548a6e8b36,60,-0.28905271666838306,1788723522.6503825,60.66468036969503,61.89634394645691,0.01476552225527783,-0.17868784559766926,True,,0.014767702783702319,0.07037341738072023,0.24661531147411875,0.4503655213329516,-0.11851768197652587,-0.1575714831771402,0.23424837822029868,0.07149466942779625,0.2986934062595233,0.08339345979285363
BTCUSDT:long:70:1788736600.471488,BTCUSDT,long,70,71,1788736600.4714878,2026-09-06T23:16:40.471488+00:00,2026-09-06,80120.8,e20b10408aee3bb41d999abc78d2a95072f61fe489c755894c0ae9e53a4a8d1a,60,-0.07257161685855429,1788740249.640352,60.81948107083638,62.18770480155945,0.48576649259617355,-0.07114257471217966,True,,-0.039424895573925145,0.07406806017873357,0.5519509042306137,0.3617596953602531,-0.12442067178135657,-0.19814688190621826,0.3242312279235483,0.07574926801650061,0.3131140538231695,0.07195176640590031
BTCUSDT:long:70:1788440646.763561,BTCUSDT,long,70,85,1788440646.7635615,2026-09-03T13:04:06.763561+00:00,2026-09-03,78623.2,4fbb8cf7e91b8fcc6e7cbc895546e35d822156a3bae99b765a4fa7ae04078df3,240,2.8443921895827096,1788455089.9947956,240.72052056789397,61.72584772109985,3.4342280649986234,-0.2709124024460996,True,,-0.006486214251111289,0.3855916405775206,0.9566220071855813,1.0847331237665347,0.15068537941694884,-0.24220566161999035,0.2990434463980152,-0.10692499776153719,0.28751157764742397,0.12284686731023774
BTCUSDT:long:70:1788691787.977298,BTCUSDT,long,70,75,1788691787.9772978,2026-09-06T10:49:47.977298+00:00,2026-09-06,79945.8,eeec6a741cbc29fd217de6e1a78e39fefe6a5add49107af6a5ad41c316c72018,240,-0.4873738958144157,1788706245.8182642,240.96401610771815,61.74219369888306,0.03652474551507634,-0.6694535547833613,True,,-0.03451147506544627,0.0013759511262145807,0.15045279903591613,0.252054052427253,-0.1789781886154094,-0.6908413293824529,0.486537994231129,-0.015859956145458654,0.26046410756888283,0.07481575225191595
BTCUSDT:long:70:1788719882.769560,BTCUSDT,long,70,71,1788719882.7695603,2026-09-06T18:38:02.769560+00:00,2026-09-06,79915.9,8f1130cb182c6e8b6ed1af581b3db13530da0836c45833901fdc54548a6e8b36,240,-0.056057780741993635,1788734315.81629,240.5507788260778,62.00113320350647,0.10435970814319795,-0.38940936659662695,True,,0.014767702783702319,0.07037341738072023,0.24661531147411875,0.4503655213329516,-0.11851768197652587,-0.1575714831771402,0.23424837822029868,0.07149466942779625,0.2986934062595233,0.08339345979285363
BTCUSDT:long:70:1788736600.471488,BTCUSDT,long,70,71,1788736600.4714878,2026-09-06T23:16:40.471488+00:00,2026-09-06,80120.8,e20b10408aee3bb41d999abc78d2a95072f61fe489c755894c0ae9e53a4a8d1a,240,,,,,,,False,,-0.039424895573925145,0.07406806017873357,0.5519509042306137,0.3617596953602531,-0.12442067178135657,-0.19814688190621826,0.3242312279235483,0.07574926801650061,0.3131140538231695,0.07195176640590031
BTCUSDT:long:80:1788440646.763561,BTCUSDT,long,80,85,1788440646.7635615,2026-09-03T13:04:06.763561+00:00,2026-09-03,78623.2,4fbb8cf7e91b8fcc6e7cbc895546e35d822156a3bae99b765a4fa7ae04078df3,15,-0.3583520385840221,1788441557.425306,15.1776957432429,60.770556688308716,0.0,-0.2383520385840221,True,,-0.006486214251111289,0.3855916405775206,0.9566220071855813,1.0847331237665347,0.15068537941694884,-0.24220566161999035,0.2990434463980152,-0.10692499776153719,0.28751157764742397,0.12284686731023774
BTCUSDT:long:80:1788691849.438029,BTCUSDT,long,80,85,1788691849.438029,2026-09-06T10:50:49.438029+00:00,2026-09-06,79951.1,24486170e817fefa642ec91c45e924629fde2cceca29f45ef7290b761085b6b9,15,-0.14013730893009047,1788692771.4492373,15.366853471597036,61.61127233505249,0.0286425077328456,-0.024139755425511833,True,,-0.02788427152026207,0.00788043750188372,0.15696679519654477,0.2823420214233874,0.34481300658086195,-0.5503198123747215,0.49551974563983225,-0.01339160599409528,0.2687111301737293,0.08420934495529643
BTCUSDT:long:80:1788720252.918600,BTCUSDT,long,80,87,1788720252.9185998,2026-09-06T18:44:12.918600+00:00,2026-09-06,79909.4,86c6b5185387c46f58fa5ffa669d8c51c74cb9683a627074be2bdd6921e26c1e,15,-0.11199092972790303,1788721178.3621953,15.424059923489889,61.89634394645691,0.008009070272096963,-0.0409213434214184,True,,-0.022895691981628108,0.03718091079460972,0.24173103001001728,0.3227778733319475,0.14359817112368936,-0.2984224540629578,0.22970773465649,0.0038337171238689294,0.29307984790877323,0.06275170242366486
BTCUSDT:long:80:1788736662.256192,BTCUSDT,long,80,87,1788736662.2561922,2026-09-06T23:17:42.256192+00:00,2026-09-06,80158.4,39ba81c655d4a67213d70b7d151087823919f5c803aac9b251e30642bdc235ec,15,-0.13384758178805123,1788737589.5264924,15.454505002498626,61.911033153533936,0.1131509610970527,-0.11801632767119985,True,,-0.01808591182307362,0.0330704750542532,0.6101242213416569,0.4114999517724538,0.6727378956245456,-0.20561946142639076,0.316823194514694,0.10209315206166636,0.3391001046390066,0.08112513273899216
BTCUSDT:long:80:1788440646.763561,BTCUSDT,long,80,85,1788440646.7635615,2026-09-03T13:04:06.763561+00:00,2026-09-03,78623.2,4fbb8cf7e91b8fcc6e7cbc895546e35d822156a3bae99b765a4fa7ae04078df3,30,-0.14645529563792825,1788442467.8088953,30.350755564371745,60.770556688308716,0.0,-0.2709124024460996,True,,-0.006486214251111289,0.3855916405775206,0.9566220071855813,1.0847331237665347,0.15068537941694884,-0.24220566161999035,0.2990434463980152,-0.10692499776153719,0.28751157764742397,0.12284686731023774
BTCUSDT:long:80:1788691849.438029,BTCUSDT,long,80,85,1788691849.438029,2026-09-06T10:50:49.438029+00:00,2026-09-06,79951.1,24486170e817fefa642ec91c45e924629fde2cceca29f45ef7290b761085b6b9,30,-0.18366391456779085,1788693692.6531687,30.72025232712428,61.61127233505249,0.0286425077328456,-0.08892935807012226,True,,-0.02788427152026207,0.00788043750188372,0.15696679519654477,0.2823420214233874,0.34481300658086195,-0.5503198123747215,0.49551974563983225,-0.01339160599409528,0.2687111301737293,0.08420934495529643
BTCUSDT:long:80:1788720252.918600,BTCUSDT,long,80,87,1788720252.9185998,2026-09-06T18:44:12.918600+00:00,2026-09-06,79909.4,86c6b5185387c46f58fa5ffa669d8c51c74cb9683a627074be2bdd6921e26c1e,30,-0.21685969360300195,1788722103.7090287,30.846507147947946,61.89634394645691,0.008009070272096963,-0.10148993735403788,True,,-0.022895691981628108,0.03718091079460972,0.24173103001001728,0.3227778733319475,0.14359817112368936,-0.2984224540629578,0.22970773465649,0.0038337171238689294,0.29307984790877323,0.06275170242366486
BTCUSDT:long:80:1788736662.256192,BTCUSDT,long,80,87,1788736662.2561922,2026-09-06T23:17:42.256192+00:00,2026-09-06,80158.4,39ba81c655d4a67213d70b7d151087823919f5c803aac9b251e30642bdc235ec,30,0.15333379907783506,1788738516.7651114,30.908481987317405,61.91857290267944,0.4386315096109872,-0.11801632767119985,True,,-0.01808591182307362,0.0330704750542532,0.6101242213416569,0.4114999517724538,0.6727378956245456,-0.20561946142639076,0.316823194514694,0.10209315206166636,0.3391001046390066,0.08112513273899216
BTCUSDT:long:80:1788440646.763561,BTCUSDT,long,80,85,1788440646.7635615,2026-09-03T13:04:06.763561+00:00,2026-09-03,78623.2,4fbb8cf7e91b8fcc6e7cbc895546e35d822156a3bae99b765a4fa7ae04078df3,60,0.18385433307218435,1788444292.9185503,60.76924981276194,60.954556941986084,0.3855096205700237,-0.2709124024460996,True,,-0.006486214251111289,0.3855916405775206,0.9566220071855813,1.0847331237665347,0.15068537941694884,-0.24220566161999035,0.2990434463980152,-0.10692499776153719,0.28751157764742397,0.12284686731023774
BTCUSDT:long:80:1788691849.438029,BTCUSDT,long,80,85,1788691849.438029,2026-09-06T10:50:49.438029+00:00,2026-09-06,79951.1,24486170e817fefa642ec91c45e924629fde2cceca29f45ef7290b761085b6b9,60,-0.1676541285861054,1788695475.5052602,60.434453852971394,61.61127233505249,0.0286425077328456,-0.11457003093141571,True,,-0.02788427152026207,0.00788043750188372,0.15696679519654477,0.2823420214233874,0.34481300658086195,-0.5503198123747215,0.49551974563983225,-0.01339160599409528,0.2687111301737293,0.08420934495529643
BTCUSDT:long:80:1788720252.918600,BTCUSDT,long,80,87,1788720252.9185998,2026-09-06T18:44:12.918600+00:00,2026-09-06,79909.4,86c6b5185387c46f58fa5ffa669d8c51c74cb9683a627074be2bdd6921e26c1e,60,-0.29432242014079335,1788723892.5430567,60.66040761470795,61.89634394645691,0.008009070272096963,-0.18095493145986463,True,,-0.022895691981628108,0.03718091079460972,0.24173103001001728,0.3227778733319475,0.14359817112368936,-0.2984224540629578,0.22970773465649,0.0038337171238689294,0.29307984790877323,0.06275170242366486
BTCUSDT:long:80:1788736662.256192,BTCUSDT,long,80,87,1788736662.2561922,2026-09-06T23:17:42.256192+00:00,2026-09-06,80158.4,39ba81c655d4a67213d70b7d151087823919f5c803aac9b251e30642bdc235ec,60,-0.12049901195632307,1788740311.5836806,60.8221248070399,62.18770480155945,0.4386315096109872,-0.11801632767119985,True,,-0.01808591182307362,0.0330704750542532,0.6101242213416569,0.4114999517724538,0.6727378956245456,-0.20561946142639076,0.316823194514694,0.10209315206166636,0.3391001046390066,0.08112513273899216
BTCUSDT:long:80:1788440646.763561,BTCUSDT,long,80,85,1788440646.7635615,2026-09-03T13:04:06.763561+00:00,2026-09-03,78623.2,4fbb8cf7e91b8fcc6e7cbc895546e35d822156a3bae99b765a4fa7ae04078df3,240,2.8443921895827096,1788455089.9947956,240.72052056789397,61.72584772109985,3.4342280649986234,-0.2709124024460996,True,,-0.006486214251111289,0.3855916405775206,0.9566220071855813,1.0847331237665347,0.15068537941694884,-0.24220566161999035,0.2990434463980152,-0.10692499776153719,0.28751157764742397,0.12284686731023774
BTCUSDT:long:80:1788691849.438029,BTCUSDT,long,80,85,1788691849.438029,2026-09-06T10:50:49.438029+00:00,2026-09-06,79951.1,24486170e817fefa642ec91c45e924629fde2cceca29f45ef7290b761085b6b9,240,-0.5137406739869753,1788706307.4810557,240.96738377809524,61.74219369888306,0.02989327226265992,-0.6760382283670929,True,,-0.02788427152026207,0.00788043750188372,0.15696679519654477,0.2823420214233874,0.34481300658086195,-0.5503198123747215,0.49551974563983225,-0.01339160599409528,0.2687111301737293,0.08420934495529643
BTCUSDT:long:80:1788720252.918600,BTCUSDT,long,80,87,1788720252.9185998,2026-09-06T18:44:12.918600+00:00,2026-09-06,79909.4,86c6b5185387c46f58fa5ffa669d8c51c74cb9683a627074be2bdd6921e26c1e,240,-0.08420946722162082,1788734686.1917613,240.5545526901881,62.00113320350647,0.11250240897817676,-0.3813068299849509,True,,-0.022895691981628108,0.03718091079460972,0.24173103001001728,0.3227778733319475,0.14359817112368936,-0.2984224540629578,0.22970773465649,0.0038337171238689294,0.29307984790877323,0.06275170242366486
BTCUSDT:long:80:1788736662.256192,BTCUSDT,long,80,87,1788736662.2561922,2026-09-06T23:17:42.256192+00:00,2026-09-06,80158.4,39ba81c655d4a67213d70b7d151087823919f5c803aac9b251e30642bdc235ec,240,,,,,,,False,,-0.01808591182307362,0.0330704750542532,0.6101242213416569,0.4114999517724538,0.6727378956245456,-0.20561946142639076,0.316823194514694,0.10209315206166636,0.3391001046390066,0.08112513273899216
BTCUSDT:short:50:1788432292.016592,BTCUSDT,short,50,50,1788432292.016592,2026-09-03T10:44:52.016592+00:00,2026-09-03,77479.6,14b4e7d87cab79f7a7ec5293abe81ff23c82a1ada01ad085f8b1e8992b22132c,15,-0.40794676276076014,1788433198.7361145,15.111992041269938,60.48749089241028,-0.0,-0.3132437441597524,True,,-0.0055495399689298175,-0.10353288232706204,-0.33842405782149587,-0.3608529813452055,-0.2402337238970372,-0.40609398249925477,-0.1662809270209445,-0.031112953952672218,0.18325555478162275,0.04442122593718116
BTCUSDT:short:50:1788483018.418626,BTCUSDT,short,50,62,1788483018.4186263,2026-09-04T00:50:18.418626+00:00,2026-09-04,81076.1,a50154acbf5ed99468f6c8c47159e6b9d07a36d00128f0c7854f1d46bd3c88e3,15,0.0504571384168796,1788483951.5100384,15.551523534456889,62.32732081413269,0.19709877510142304,-0.0,True,,-0.14815927799752826,-0.2447247000922692,-0.1919194406145297,-0.5346458615244964,-0.5611802635648228,-0.4295571854566322,-0.40643496796105083,0.10391546944743535,0.08016660667454667,0.047947014038638075
BTCUSDT:short:50:1788525452.500958,BTCUSDT,short,50,65,1788525452.5009577,2026-09-04T12:37:32.500958+00:00,2026-09-04,79450.2,8632e79cc0e2cf32b7a7bd28e98c8c4586edb9b3748393abe78451242cc26fbc,15,-0.1986656295389987,1788526404.55509,15.867568870385488,63.89668869972229,0.30484504758955255,-0.7779716098889722,True,,-0.5441579071889691,-2.0450283507728484,-2.221997964450495,-2.0358489937892577,-0.2907812634433975,0.04193442701620089,-0.16734936525343913,-1.1605418996315287,0.49510516357254347,0.18275094911840006
BTCUSDT:short:50:1788570076.208749,BTCUSDT,short,50,56,1788570076.2087493,2026-09-05T01:01:16.208749+00:00,2026-09-05,79534.3,573aee58f9ebfe579b92f94bfe9a74b05925b3156e9b78fd1478aa4d209b00d2,15,-0.21794516328174296,1788571013.6752214,15.624441202481588,62.6438250541687,0.025272115301200326,-0.13780218094581187,True,,-0.0408461820759376,-0.04122306832849976,-0.07801860385644455,-0.16669365396757563,-0.8766777193405598,-0.4981904997844431,-0.479260607852755,-0.0014796558165164342,0.07163455992616292,0.043066545596057625
BTCUSDT:short:50:1788671720.590411,BTCUSDT,short,50,52,1788671720.5904114,2026-09-06T05:15:20.590411+00:00,2026-09-06,79774.9,f09ec12bee5b2dfee917df10db3c7b56e27ef16ddba8f8ff1e97e9c2f72595a9,15,-0.16399880162808678,1788672639.1487598,15.309305806954702,61.33741879463196,0.016295852454839554,-0.04913826278694078,True,,-0.011155146784191938,-0.0931755193846473,-0.19991317913247153,-0.17256309377222667,-0.6381925250997843,-0.33669436294530053,-0.37471829588583705,-0.038559400005544475,0.2788830715531983,0.04664614551973766
BTCUSDT:short:50:1788701009.854528,BTCUSDT,short,50,52,1788701009.854528,2026-09-06T13:23:29.854528+00:00,2026-09-06,79791.8,13052882573cfb07fccbbae5fd12ffb71f825085726691d22e27b36cb6ebc6a2,15,-0.14105479510425833,1788701933.5822558,15.395462131500244,61.73752546310425,0.07381710902625294,-0.025190558428289656,True,,-0.006015293884709116,-0.1875116491142803,-0.2037403679833627,-0.15503837168415746,-0.812264749786183,-0.48246613821372625,-0.5315730310042083,-0.0022031549583245713,0.18199083901241092,0.04255246076175341
BTCUSDT:short:50:1788432292.016592,BTCUSDT,short,50,50,1788432292.016592,2026-09-03T10:44:52.016592+00:00,2026-09-03,77479.6,14b4e7d87cab79f7a7ec5293abe81ff23c82a1ada01ad085f8b1e8992b22132c,30,-0.5133938740003695,1788434106.3728275,30.23927059173584,60.58090615272522,-0.0,-0.3933938740003695,True,,-0.0055495399689298175,-0.10353288232706204,-0.33842405782149587,-0.3608529813452055,-0.2402337238970372,-0.40609398249925477,-0.1662809270209445,-0.031112953952672218,0.18325555478162275,0.04442122593718116
BTCUSDT:short:50:1788483018.418626,BTCUSDT,short,50,62,1788483018.4186263,2026-09-04T00:50:18.418626+00:00,2026-09-04,81076.1,a50154acbf5ed99468f6c8c47159e6b9d07a36d00128f0c7854f1d46bd3c88e3,30,0.1319854803080146,1788484822.2881382,30.06449186404546,62.35691976547241,0.2519854803080146,-0.0,True,,-0.14815927799752826,-0.2447247000922692,-0.1919194406145297,-0.5346458615244964,-0.5611802635648228,-0.4295571854566322,-0.40643496796105083,0.10391546944743535,0.08016660667454667,0.047947014038638075
BTCUSDT:short:50:1788525452.500958,BTCUSDT,short,50,65,1788525452.5009577,2026-09-04T12:37:32.500958+00:00,2026-09-04,79450.2,8632e79cc0e2cf32b7a7bd28e98c8c4586edb9b3748393abe78451242cc26fbc,30,0.17389479195772728,1788527288.8041153,30.605052626132967,63.89668869972229,0.30484504758955255,-0.7779716098889722,True,,-0.5441579071889691,-2.0450283507728484,-2.221997964450495,-2.0358489937892577,-0.2907812634433975,0.04193442701620089,-0.16734936525343913,-1.1605418996315287,0.49510516357254347,0.18275094911840006
BTCUSDT:short:50:1788570076.208749,BTCUSDT,short,50,56,1788570076.2087493,2026-09-05T01:01:16.208749+00:00,2026-09-05,79534.3,573aee58f9ebfe579b92f94bfe9a74b05925b3156e9b78fd1478aa4d209b00d2,30,-0.24686350417365766,1788571888.7332954,30.208742435773214,62.72451448440552,0.025272115301200326,-0.15804501957017436,True,,-0.0408461820759376,-0.04122306832849976,-0.07801860385644455,-0.16669365396757563,-0.8766777193405598,-0.4981904997844431,-0.479260607852755,-0.0014796558165164342,0.07163455992616292,0.043066545596057625
BTCUSDT:short:50:1788671720.590411,BTCUSDT,short,50,52,1788671720.5904114,2026-09-06T05:15:20.590411+00:00,2026-09-06,79774.9,f09ec12bee5b2dfee917df10db3c7b56e27ef16ddba8f8ff1e97e9c2f72595a9,30,-0.37383924016200154,1788673558.7392027,30.635813188552856,61.41417837142944,0.016295852454839554,-0.3493580060896395,True,,-0.011155146784191938,-0.0931755193846473,-0.19991317913247153,-0.17256309377222667,-0.6381925250997843,-0.33669436294530053,-0.37471829588583705,-0.038559400005544475,0.2788830715531983,0.04664614551973766
BTCUSDT:short:50:1788701009.854528,BTCUSDT,short,50,52,1788701009.854528,2026-09-06T13:23:29.854528+00:00,2026-09-06,79791.8,13052882573cfb07fccbbae5fd12ffb71f825085726691d22e27b36cb6ebc6a2,30,-0.09518542005568997,1788702857.0563712,30.786697387695312,61.73909330368042,0.07381710902625294,-0.025190558428289656,True,,-0.006015293884709116,-0.1875116491142803,-0.2037403679833627,-0.15503837168415746,-0.812264749786183,-0.48246613821372625,-0.5315730310042083,-0.0022031549583245713,0.18199083901241092,0.04255246076175341
BTCUSDT:short:50:1788432292.016592,BTCUSDT,short,50,50,1788432292.016592,2026-09-03T10:44:52.016592+00:00,2026-09-03,77479.6,14b4e7d87cab79f7a7ec5293abe81ff23c82a1ada01ad085f8b1e8992b22132c,60,-0.7128012018647344,1788435921.4894419,60.4912141640981,60.58090615272522,-0.0,-0.6026102354684149,True,,-0.0055495399689298175,-0.10353288232706204,-0.33842405782149587,-0.3608529813452055,-0.2402337238970372,-0.40609398249925477,-0.1662809270209445,-0.031112953952672218,0.18325555478162275,0.04442122593718116
BTCUSDT:short:50:1788483018.418626,BTCUSDT,short,50,62,1788483018.4186263,2026-09-04T00:50:18.418626+00:00,2026-09-04,81076.1,a50154acbf5ed99468f6c8c47159e6b9d07a36d00128f0c7854f1d46bd3c88e3,60,0.17984175361174037,1788486625.2464273,60.113796683152515,62.39157676696777,0.4106018913095366,-0.0,True,,-0.14815927799752826,-0.2447247000922692,-0.1919194406145297,-0.5346458615244964,-0.5611802635648228,-0.4295571854566322,-0.40643496796105083,0.10391546944743535,0.08016660667454667,0.047947014038638075
BTCUSDT:short:50:1788525452.500958,BTCUSDT,short,50,65,1788525452.5009577,2026-09-04T12:37:32.500958+00:00,2026-09-04,79450.2,8632e79cc0e2cf32b7a7bd28e98c8c4586edb9b3748393abe78451242cc26fbc,60,0.17477584700856597,1788529054.520444,60.03365810314814,63.89668869972229,0.6037744398377787,-0.7779716098889722,True,,-0.5441579071889691,-2.0450283507728484,-2.221997964450495,-2.0358489937892577,-0.2907812634433975,0.04193442701620089,-0.16734936525343913,-1.1605418996315287,0.49510516357254347,0.18275094911840006
BTCUSDT:short:50:1788570076.208749,BTCUSDT,short,50,56,1788570076.2087493,2026-09-05T01:01:16.208749+00:00,2026-09-05,79534.3,573aee58f9ebfe579b92f94bfe9a74b05925b3156e9b78fd1478aa4d209b00d2,60,-0.036765470998047944,1788573701.5768752,60.42280209859212,62.72451448440552,0.08939539293110199,-0.15804501957017436,True,,-0.0408461820759376,-0.04122306832849976,-0.07801860385644455,-0.16669365396757563,-0.8766777193405598,-0.4981904997844431,-0.479260607852755,-0.0014796558165164342,0.07163455992616292,0.043066545596057625
BTCUSDT:short:50:1788671720.590411,BTCUSDT,short,50,52,1788671720.5904114,2026-09-06T05:15:20.590411+00:00,2026-09-06,79774.9,f09ec12bee5b2dfee917df10db3c7b56e27ef16ddba8f8ff1e97e9c2f72595a9,60,-0.26841761005028875,1788675336.7710564,60.26967741648356,61.55186414718628,0.016295852454839554,-0.3493580060896395,True,,-0.011155146784191938,-0.0931755193846473,-0.19991317913247153,-0.17256309377222667,-0.6381925250997843,-0.33669436294530053,-0.37471829588583705,-0.038559400005544475,0.2788830715531983,0.04664614551973766
BTCUSDT:short:50:1788701009.854528,BTCUSDT,short,50,52,1788701009.854528,2026-09-06T13:23:29.854528+00:00,2026-09-06,79791.8,13052882573cfb07fccbbae5fd12ffb71f825085726691d22e27b36cb6ebc6a2,60,0.10370719798274763,1788704642.608253,60.545895417531334,61.73909330368042,0.2418794913763067,-0.025190558428289656,True,,-0.006015293884709116,-0.1875116491142803,-0.2037403679833627,-0.15503837168415746,-0.812264749786183,-0.48246613821372625,-0.5315730310042083,-0.0022031549583245713,0.18199083901241092,0.04255246076175341
BTCUSDT:short:50:1788432292.016592,BTCUSDT,short,50,50,1788432292.016592,2026-09-03T10:44:52.016592+00:00,2026-09-03,77479.6,14b4e7d87cab79f7a7ec5293abe81ff23c82a1ada01ad085f8b1e8992b22132c,240,-3.071744717319138,1788446732.5434387,240.67544744412103,61.15253162384033,-0.0,-3.0282809926741816,True,,-0.0055495399689298175,-0.10353288232706204,-0.33842405782149587,-0.3608529813452055,-0.2402337238970372,-0.40609398249925477,-0.1662809270209445,-0.031112953952672218,0.18325555478162275,0.04442122593718116
BTCUSDT:short:50:1788483018.418626,BTCUSDT,short,50,62,1788483018.4186263,2026-09-04T00:50:18.418626+00:00,2026-09-04,81076.1,a50154acbf5ed99468f6c8c47159e6b9d07a36d00128f0c7854f1d46bd3c88e3,240,-0.025890885230042016,1788497463.1707377,240.74586852391562,62.62368869781494,0.5383830746668816,-0.2207802299321271,True,,-0.14815927799752826,-0.2447247000922692,-0.1919194406145297,-0.5346458615244964,-0.5611802635648228,-0.4295571854566322,-0.40643496796105083,0.10391546944743535,0.08016660667454667,0.047947014038638075
BTCUSDT:short:50:1788525452.500958,BTCUSDT,short,50,65,1788525452.5009577,2026-09-04T12:37:32.500958+00:00,2026-09-04,79450.2,8632e79cc0e2cf32b7a7bd28e98c8c4586edb9b3748393abe78451242cc26fbc,240,-0.4220760174297754,1788539907.9855986,240.92474401394526,63.89668869972229,1.0193806938182615,-0.7779716098889722,True,,-0.5441579071889691,-2.0450283507728484,-2.221997964450495,-2.0358489937892577,-0.2907812634433975,0.04193442701620089,-0.16734936525343913,-1.1605418996315287,0.49510516357254347,0.18275094911840006
BTCUSDT:short:50:1788570076.208749,BTCUSDT,short,50,56,1788570076.2087493,2026-09-05T01:01:16.208749+00:00,2026-09-05,79534.3,573aee58f9ebfe579b92f94bfe9a74b05925b3156e9b78fd1478aa4d209b00d2,240,-0.027712772979695433,1788584518.7837079,240.7095826427142,62.852783203125,0.11567336356766988,-0.15804501957017436,True,,-0.0408461820759376,-0.04122306832849976,-0.07801860385644455,-0.16669365396757563,-0.8766777193405598,-0.4981904997844431,-0.479260607852755,-0.0014796558165164342,0.07163455992616292,0.043066545596057625
BTCUSDT:short:50:1788671720.590411,BTCUSDT,short,50,52,1788671720.5904114,2026-09-06T05:15:20.590411+00:00,2026-09-06,79774.9,f09ec12bee5b2dfee917df10db3c7b56e27ef16ddba8f8ff1e97e9c2f72595a9,240,-0.2585147458661917,1788686135.640087,240.25082792441052,61.55186414718628,0.2078347951548487,-0.3493580060896395,True,,-0.011155146784191938,-0.0931755193846473,-0.19991317913247153,-0.17256309377222667,-0.6381925250997843,-0.33669436294530053,-0.37471829588583705,-0.038559400005544475,0.2788830715531983,0.04664614551973766
BTCUSDT:short:50:1788701009.854528,BTCUSDT,short,50,52,1788701009.854528,2026-09-06T13:23:29.854528+00:00,2026-09-06,79791.8,13052882573cfb07fccbbae5fd12ffb71f825085726691d22e27b36cb6ebc6a2,240,0.01748279898435634,1788715442.6006396,240.5457685271899,61.90050292015076,0.5430382570640102,-0.025190558428289656,True,,-0.006015293884709116,-0.1875116491142803,-0.2037403679833627,-0.15503837168415746,-0.812264749786183,-0.48246613821372625,-0.5315730310042083,-0.0022031549583245713,0.18199083901241092,0.04255246076175341
BTCUSDT:short:60:1788483018.418626,BTCUSDT,short,60,62,1788483018.4186263,2026-09-04T00:50:18.418626+00:00,2026-09-04,81076.1,a50154acbf5ed99468f6c8c47159e6b9d07a36d00128f0c7854f1d46bd3c88e3,15,0.0504571384168796,1788483951.5100384,15.551523534456889,62.32732081413269,0.19709877510142304,-0.0,True,,-0.14815927799752826,-0.2447247000922692,-0.1919194406145297,-0.5346458615244964,-0.5611802635648228,-0.4295571854566322,-0.40643496796105083,0.10391546944743535,0.08016660667454667,0.047947014038638075
BTCUSDT:short:60:1788525452.500958,BTCUSDT,short,60,65,1788525452.5009577,2026-09-04T12:37:32.500958+00:00,2026-09-04,79450.2,8632e79cc0e2cf32b7a7bd28e98c8c4586edb9b3748393abe78451242cc26fbc,15,-0.1986656295389987,1788526404.55509,15.867568870385488,63.89668869972229,0.30484504758955255,-0.7779716098889722,True,,-0.5441579071889691,-2.0450283507728484,-2.221997964450495,-2.0358489937892577,-0.2907812634433975,0.04193442701620089,-0.16734936525343913,-1.1605418996315287,0.49510516357254347,0.18275094911840006
BTCUSDT:short:60:1788483018.418626,BTCUSDT,short,60,62,1788483018.4186263,2026-09-04T00:50:18.418626+00:00,2026-09-04,81076.1,a50154acbf5ed99468f6c8c47159e6b9d07a36d00128f0c7854f1d46bd3c88e3,30,0.1319854803080146,1788484822.2881382,30.06449186404546,62.35691976547241,0.2519854803080146,-0.0,True,,-0.14815927799752826,-0.2447247000922692,-0.1919194406145297,-0.5346458615244964,-0.5611802635648228,-0.4295571854566322,-0.40643496796105083,0.10391546944743535,0.08016660667454667,0.047947014038638075
BTCUSDT:short:60:1788525452.500958,BTCUSDT,short,60,65,1788525452.5009577,2026-09-04T12:37:32.500958+00:00,2026-09-04,79450.2,8632e79cc0e2cf32b7a7bd28e98c8c4586edb9b3748393abe78451242cc26fbc,30,0.17389479195772728,1788527288.8041153,30.605052626132967,63.89668869972229,0.30484504758955255,-0.7779716098889722,True,,-0.5441579071889691,-2.0450283507728484,-2.221997964450495,-2.0358489937892577,-0.2907812634433975,0.04193442701620089,-0.16734936525343913,-1.1605418996315287,0.49510516357254347,0.18275094911840006
BTCUSDT:short:60:1788483018.418626,BTCUSDT,short,60,62,1788483018.4186263,2026-09-04T00:50:18.418626+00:00,2026-09-04,81076.1,a50154acbf5ed99468f6c8c47159e6b9d07a36d00128f0c7854f1d46bd3c88e3,60,0.17984175361174037,1788486625.2464273,60.113796683152515,62.39157676696777,0.4106018913095366,-0.0,True,,-0.14815927799752826,-0.2447247000922692,-0.1919194406145297,-0.5346458615244964,-0.5611802635648228,-0.4295571854566322,-0.40643496796105083,0.10391546944743535,0.08016660667454667,0.047947014038638075
BTCUSDT:short:60:1788525452.500958,BTCUSDT,short,60,65,1788525452.5009577,2026-09-04T12:37:32.500958+00:00,2026-09-04,79450.2,8632e79cc0e2cf32b7a7bd28e98c8c4586edb9b3748393abe78451242cc26fbc,60,0.17477584700856597,1788529054.520444,60.03365810314814,63.89668869972229,0.6037744398377787,-0.7779716098889722,True,,-0.5441579071889691,-2.0450283507728484,-2.221997964450495,-2.0358489937892577,-0.2907812634433975,0.04193442701620089,-0.16734936525343913,-1.1605418996315287,0.49510516357254347,0.18275094911840006
BTCUSDT:short:60:1788483018.418626,BTCUSDT,short,60,62,1788483018.4186263,2026-09-04T00:50:18.418626+00:00,2026-09-04,81076.1,a50154acbf5ed99468f6c8c47159e6b9d07a36d00128f0c7854f1d46bd3c88e3,240,-0.025890885230042016,1788497463.1707377,240.74586852391562,62.62368869781494,0.5383830746668816,-0.2207802299321271,True,,-0.14815927799752826,-0.2447247000922692,-0.1919194406145297,-0.5346458615244964,-0.5611802635648228,-0.4295571854566322,-0.40643496796105083,0.10391546944743535,0.08016660667454667,0.047947014038638075
BTCUSDT:short:60:1788525452.500958,BTCUSDT,short,60,65,1788525452.5009577,2026-09-04T12:37:32.500958+00:00,2026-09-04,79450.2,8632e79cc0e2cf32b7a7bd28e98c8c4586edb9b3748393abe78451242cc26fbc,240,-0.4220760174297754,1788539907.9855986,240.92474401394526,63.89668869972229,1.0193806938182615,-0.7779716098889722,True,,-0.5441579071889691,-2.0450283507728484,-2.221997964450495,-2.0358489937892577,-0.2907812634433975,0.04193442701620089,-0.16734936525343913,-1.1605418996315287,0.49510516357254347,0.18275094911840006
BTCUSDT:short:70:1788533985.822224,BTCUSDT,short,70,71,1788533985.8222244,2026-09-04T14:59:45.822224+00:00,2026-09-04,78880.8,3a5ab1482f36bdd2557a280d274da42786b992f9ba0928b001574b4f538b2623,15,-0.4740785590409934,1788534932.239413,15.773619810740152,63.35394215583801,0.08443119238142893,-0.3540785590409934,True,,0.031703438428110076,-0.14532454972175923,-0.694051900931747,-2.774617628824161,0.05551664345090473,0.11335861129037098,-0.30320249343978073,0.01171766086704995,0.18137851620332474,0.1617227630302808
BTCUSDT:short:70:1788533985.822224,BTCUSDT,short,70,71,1788533985.8222244,2026-09-04T14:59:45.822224+00:00,2026-09-04,78880.8,3a5ab1482f36bdd2557a280d274da42786b992f9ba0928b001574b4f538b2623,30,-0.7580513382217234,1788535814.937211,30.485249777634937,63.35394215583801,0.08443119238142893,-0.6380513382217234,True,,0.031703438428110076,-0.14532454972175923,-0.694051900931747,-2.774617628824161,0.05551664345090473,0.11335861129037098,-0.30320249343978073,0.01171766086704995,0.18137851620332474,0.1617227630302808
BTCUSDT:short:70:1788533985.822224,BTCUSDT,short,70,71,1788533985.8222244,2026-09-04T14:59:45.822224+00:00,2026-09-04,78880.8,3a5ab1482f36bdd2557a280d274da42786b992f9ba0928b001574b4f538b2623,60,-0.7008764616991757,1788537642.218506,60.939938028653465,63.35394215583801,0.08443119238142893,-0.8051388931146652,True,,0.031703438428110076,-0.14532454972175923,-0.694051900931747,-2.774617628824161,0.05551664345090473,0.11335861129037098,-0.30320249343978073,0.01171766086704995,0.18137851620332474,0.1617227630302808
BTCUSDT:short:70:1788533985.822224,BTCUSDT,short,70,71,1788533985.8222244,2026-09-04T14:59:45.822224+00:00,2026-09-04,78880.8,3a5ab1482f36bdd2557a280d274da42786b992f9ba0928b001574b4f538b2623,240,-1.001076256833091,1788548392.7361016,240.1152312874794,63.35394215583801,0.08443119238142893,-1.1672041865701033,True,,0.031703438428110076,-0.14532454972175923,-0.694051900931747,-2.774617628824161,0.05551664345090473,0.11335861129037098,-0.30320249343978073,0.01171766086704995,0.18137851620332474,0.1617227630302808
ETHUSDT:long:50:1788439069.565877,ETHUSDT,long,50,54,1788439069.5658774,2026-09-03T12:37:49.565877+00:00,2026-09-03,2415.66,405cb2bc578f628d5714512e3f4cfd6a6eae4e706b6f4db4a89e5129ef4c68c6,15,-0.009471200417268011,1788439978.9910018,15.157085406780244,60.702625036239624,0.11052879958273198,-0.17593535514103253,True,,-0.00703691898851222,0.38731018891760005,0.4703974047039816,0.3531132122501113,0.46264085082257383,0.17684074659348914,0.26619407539758766,0.0013484884949566123,0.17847561937826054,0.03740209451729323
ETHUSDT:long:50:1788455830.127855,ETHUSDT,long,50,52,1788455830.1278553,2026-09-03T17:17:10.127855+00:00,2026-09-03,2498.38,b31fd99371e5beb65b32bb00d78d2ef427c09ba9b0c11efc8f1245a894bf7568,15,-0.0771722476164659,1788456754.5556817,15.407130440076193,61.73646521568298,0.15129804113063194,-0.09366069212850547,True,,0.10537914454573638,0.2741265477313348,0.1061813577590609,3.2930504851719666,0.26561408694527466,0.10754809922959843,0.3217358198501831,-0.05432530240329081,0.03674941062266149,0.1813400723994276
ETHUSDT:long:50:1788471218.489975,ETHUSDT,long,50,52,1788471218.4899752,2026-09-03T21:33:38.489975+00:00,2026-09-03,2517.11,18bb5df8015071aa964a327719835d843291ab980a73d4071123d7b20887fff0,15,-0.45649701443323465,1788472149.0656128,15.509593959649404,62.24390411376953,0.31305743491543137,-0.43104989452188436,True,,0.2796712468477125,0.30844395206766073,0.45496086937435454,0.573367002828884,0.45951240526860365,0.471355713909568,0.18878712604985384,0.06625598574392377,0.17468587189702686,0.04716826085527353
ETHUSDT:long:50:1788490983.836880,ETHUSDT,long,50,50,1788490983.8368804,2026-09-04T03:03:03.836880+00:00,2026-09-04,2511.64,6b2b60fa4c36d62e4359207991adf44c69a9691cd0781fd4c9627c2adbcabce1,15,-0.18489783567706908,1788491919.170866,15.588899759451548,62.58674597740173,0.16085107738370574,-0.1174531381885835,True,,0.28188358926446444,0.4816770683309324,0.4547508869042094,0.6762146410290271,0.20740509089146214,0.40384291771871517,0.34470150270097755,-0.033200673842859185,0.2235988200589973,0.06617502843917912
ETHUSDT:long:50:1788511491.037888,ETHUSDT,long,50,54,1788511491.037888,2026-09-04T08:44:51.037888+00:00,2026-09-04,2518.54,7228284bfab5728cebe6f7ec996269c663b92c24463b8f48862b2fc0aa3bd73a,15,0.13411547960325632,1788512427.8028576,15.6127494931221,62.7697479724884,0.3525852279495201,0.0,True,,0.03535042599249749,0.045682234377664166,0.5601894182893918,0.3074692729865047,0.595520993680289,0.4155642110812508,0.183538605328508,-0.12281407184100424,0.2649669499527772,0.03587027227952627
ETHUSDT:long:50:1788540474.809328,ETHUSDT,long,50,56,1788540474.8093283,2026-09-04T16:47:54.809328+00:00,2026-09-04,2459.99,48198f061e4ad05c4e97a172b9b0c8817de83376aeb61da72766ee2db84acf71,15,-0.29764299854876597,1788541418.2394419,15.723835225900014,63.06748414039612,0.0532522489929077,-0.17764299854876597,True,,0.06996790425786159,0.09073302519364557,0.3041756879630153,0.7243172419440613,0.4884367696364504,0.24314033129073498,0.14403211650671283,-0.019857511098175795,0.12020625201417143,0.04615063525605732
ETHUSDT:long:50:1788557614.497340,ETHUSDT,long,50,54,1788557614.4973402,2026-09-04T21:33:34.497340+00:00,2026-09-04,2454.27,551b5d7b08ab78a9a04d7b2f852cba5d7766bce3081b84c9ae72e987275c1879,15,-0.1187776406018769,1788558554.6173692,15.668667149543761,62.8447527885437,0.05296890725146053,-0.025669547360318568,True,,0.08727106637902438,0.03219916200660755,0.12524477806790113,0.2815255497715885,0.7086825542806957,0.18800312644392878,0.24807130306387545,0.07318747742124376,0.09177877428999169,0.04731817869651689
ETHUSDT:long:50:1788593998.306329,ETHUSDT,long,50,54,1788593998.306329,2026-09-05T07:39:58.306329+00:00,2026-09-05,2457.61,6bde720ee9b2e0fcaec0760e1a5b850ff4aafa65dc51dc6e0b159bbf5662728d,15,-0.17696591403844264,1788594932.3245077,15.566969645023345,62.33410167694092,0.007731088333784442,-0.06917289561810813,True,,0.030119623748925406,0.14751486354875887,0.20468158151178972,0.19365149254340075,0.4794513394132793,0.13535136951101448,0.3584984867906101,0.02339088813625434,0.2530241935483901,0.05337678390830225
ETHUSDT:long:50:1788623042.251099,ETHUSDT,long,50,52,1788623042.2510989,2026-09-05T15:44:02.251099+00:00,2026-09-05,2457.59,bdd19d8eb76e77c06b25d931976cc5edbd42a8948d416677360e21fb2ada6df7,15,-0.07035787092232393,1788623957.68364,15.257209018866222,61.12389850616455,0.04964212907767607,-0.018310621381123493,True,,0.002441475790737613,0.05170336112558793,0.09734441186055598,0.19487852707711362,0.7016604545760181,0.5317699590926924,0.6483677691785018,-0.038949818006184245,0.07541811296939577,0.03816062589813245
ETHUSDT:long:50:1788644524.707708,ETHUSDT,long,50,54,1788644524.7077081,2026-09-05T21:42:04.707708+00:00,2026-09-05,2483.37,bdba65887a64c63bbb390fdb90ae7cf6341482ad488e672d961ff78b61c06d4a,15,0.09221163177456149,1788645440.141479,15.257229514916737,61.09097123146057,0.2665732452272529,0.0,True,,0.12498639261047106,0.13104204635259187,0.2652616279069653,0.32885832831694994,0.9348955706136135,0.6779062742330388,0.618215255305836,-0.18864422155611127,0.23864874682165652,0.04901842707455115
ETHUSDT:long:50:1788659361.607322,ETHUSDT,long,50,56,1788659361.6073217,2026-09-06T01:49:21.607322+00:00,2026-09-06,2501.35,1d71e51dd5222f8506562ef70170d00294b66ddf254f7b58329a9144a6e4bd34,15,-0.11640194295080775,1788660278.4377224,15.280506678422292,61.245606660842896,0.2706538469226638,0.0,True,,-0.02278250303767715,0.2412506562258221,0.5757871839101147,0.4630856849089371,0.2663375658417155,0.23969366179310844,0.18138388056257032,0.3008881506950445,0.19057758850146383,0.06257122700385181
ETHUSDT:long:50:1788693570.372481,ETHUSDT,long,50,50,1788693570.3724809,2026-09-06T11:19:30.372481+00:00,2026-09-06,2502.23,7c8703dfa8bfc0e7c1bd06ff90b5f9075c1d4ae1abc64b052577ac468b5277fa,15,-0.15157183792057427,1788694492.548365,15.369598070780436,61.56877326965332,0.0,-0.14227309240157915,True,,0.023584528549269734,0.061583003091136845,0.16452372183883845,0.2552226487062548,0.4814614786389756,0.489262885326308,0.17013122263163374,-0.010941902995820207,0.11679454390452176,0.04596291218702655
ETHUSDT:long:50:1788726112.870767,ETHUSDT,long,50,54,1788726112.8707674,2026-09-06T20:21:52.870767+00:00,2026-09-06,2494.22,85023614d5e510fc23a1b422b30979b237aff13d5be2bf36d2f13054113a3448,15,-0.06587486268251552,1788727037.511554,15.410679777463278,61.83910346031189,0.08058631556158158,-0.029267666845744778,True,,0.15097612489258783,0.24717954076853843,0.18718167065665536,0.5648715229758627,0.7025767602813893,0.5430217496899796,0.29935249948634424,-0.1879482428509105,0.18866396761133847,0.0975830605279674
ETHUSDT:long:50:1788439069.565877,ETHUSDT,long,50,54,1788439069.5658774,2026-09-03T12:37:49.565877+00:00,2026-09-03,2415.66,405cb2bc578f628d5714512e3f4cfd6a6eae4e706b6f4db4a89e5129ef4c68c6,30,-0.05293758227563827,1788440890.0247397,30.34098103841146,60.839097023010254,0.39533709214045754,-0.17593535514103253,True,,-0.00703691898851222,0.38731018891760005,0.4703974047039816,0.3531132122501113,0.46264085082257383,0.17684074659348914,0.26619407539758766,0.0013484884949566123,0.17847561937826054,0.03740209451729323
ETHUSDT:long:50:1788455830.127855,ETHUSDT,long,50,52,1788455830.1278553,2026-09-03T17:17:10.127855+00:00,2026-09-03,2498.38,b31fd99371e5beb65b32bb00d78d2ef427c09ba9b0c11efc8f1245a894bf7568,30,0.10534602422370487,1788457679.4301696,30.821705238024393,61.94790196418762,0.25576573619705556,-0.09366069212850547,True,,0.10537914454573638,0.2741265477313348,0.1061813577590609,3.2930504851719666,0.26561408694527466,0.10754809922959843,0.3217358198501831,-0.05432530240329081,0.03674941062266149,0.1813400723994276
ETHUSDT:long:50:1788471218.489975,ETHUSDT,long,50,52,1788471218.4899752,2026-09-03T21:33:38.489975+00:00,2026-09-03,2517.11,18bb5df8015071aa964a327719835d843291ab980a73d4071123d7b20887fff0,30,-0.3937266150466322,1788473079.2896898,31.01332857608795,62.24390411376953,0.31305743491543137,-0.43104989452188436,True,,0.2796712468477125,0.30844395206766073,0.45496086937435454,0.573367002828884,0.45951240526860365,0.471355713909568,0.18878712604985384,0.06625598574392377,0.17468587189702686,0.04716826085527353
ETHUSDT:long:50:1788490983.836880,ETHUSDT,long,50,50,1788490983.8368804,2026-09-04T03:03:03.836880+00:00,2026-09-04,2511.64,6b2b60fa4c36d62e4359207991adf44c69a9691cd0781fd4c9627c2adbcabce1,30,-0.3095176060263348,1788492791.9496899,30.1352134903272,62.750747203826904,0.16085107738370574,-0.20424901657879468,True,,0.28188358926446444,0.4816770683309324,0.4547508869042094,0.6762146410290271,0.20740509089146214,0.40384291771871517,0.34470150270097755,-0.033200673842859185,0.2235988200589973,0.06617502843917912
ETHUSDT:long:50:1788511491.037888,ETHUSDT,long,50,54,1788511491.037888,2026-09-04T08:44:51.037888+00:00,2026-09-04,2518.54,7228284bfab5728cebe6f7ec996269c663b92c24463b8f48862b2fc0aa3bd73a,30,0.30167287396666087,1788513302.340197,30.188371817270916,62.7697479724884,0.5427747822150941,0.0,True,,0.03535042599249749,0.045682234377664166,0.5601894182893918,0.3074692729865047,0.595520993680289,0.4155642110812508,0.183538605328508,-0.12281407184100424,0.2649669499527772,0.03587027227952627
ETHUSDT:long:50:1788540474.809328,ETHUSDT,long,50,56,1788540474.8093283,2026-09-04T16:47:54.809328+00:00,2026-09-04,2459.99,48198f061e4ad05c4e97a172b9b0c8817de83376aeb61da72766ee2db84acf71,30,-0.54967654340057,1788542298.9663677,30.40261732339859,63.18427085876465,0.0532522489929077,-0.5142297326411693,True,,0.06996790425786159,0.09073302519364557,0.3041756879630153,0.7243172419440613,0.4884367696364504,0.24314033129073498,0.14403211650671283,-0.019857511098175795,0.12020625201417143,0.04615063525605732
ETHUSDT:long:50:1788557614.497340,ETHUSDT,long,50,54,1788557614.4973402,2026-09-04T21:33:34.497340+00:00,2026-09-04,2454.27,551b5d7b08ab78a9a04d7b2f852cba5d7766bce3081b84c9ae72e987275c1879,30,-0.1774508917111749,1788559431.7719848,30.287910743554434,62.8447527885437,0.05296890725146053,-0.16012908115243807,True,,0.08727106637902438,0.03219916200660755,0.12524477806790113,0.2815255497715885,0.7086825542806957,0.18800312644392878,0.24807130306387545,0.07318747742124376,0.09177877428999169,0.04731817869651689
ETHUSDT:long:50:1788593998.306329,ETHUSDT,long,50,54,1788593998.306329,2026-09-05T07:39:58.306329+00:00,2026-09-05,2457.61,6bde720ee9b2e0fcaec0760e1a5b850ff4aafa65dc51dc6e0b159bbf5662728d,30,-0.2766562636056923,1788595803.6304793,30.08873583873113,62.33410167694092,0.007731088333784442,-0.1566562636056923,True,,0.030119623748925406,0.14751486354875887,0.20468158151178972,0.19365149254340075,0.4794513394132793,0.13535136951101448,0.3584984867906101,0.02339088813625434,0.2530241935483901,0.05337678390830225
ETHUSDT:long:50:1788623042.251099,ETHUSDT,long,50,52,1788623042.2510989,2026-09-05T15:44:02.251099+00:00,2026-09-05,2457.59,bdd19d8eb76e77c06b25d931976cc5edbd42a8948d416677360e21fb2ada6df7,30,-0.08826158960607777,1788624872.7954454,30.509072442849476,61.12389850616455,0.07527699901122009,-0.018310621381123493,True,,0.002441475790737613,0.05170336112558793,0.09734441186055598,0.19487852707711362,0.7016604545760181,0.5317699590926924,0.6483677691785018,-0.038949818006184245,0.07541811296939577,0.03816062589813245
ETHUSDT:long:50:1788644524.707708,ETHUSDT,long,50,54,1788644524.7077081,2026-09-05T21:42:04.707708+00:00,2026-09-05,2483.37,bdba65887a64c63bbb390fdb90ae7cf6341482ad488e672d961ff78b61c06d4a,30,-0.0028205221130804814,1788646355.4394329,30.51219541231791,61.09097123146057,0.2665732452272529,0.0,True,,0.12498639261047106,0.13104204635259187,0.2652616279069653,0.32885832831694994,0.9348955706136135,0.6779062742330388,0.618215255305836,-0.18864422155611127,0.23864874682165652,0.04901842707455115
ETHUSDT:long:50:1788659361.607322,ETHUSDT,long,50,56,1788659361.6073217,2026-09-06T01:49:21.607322+00:00,2026-09-06,2501.35,1d71e51dd5222f8506562ef70170d00294b66ddf254f7b58329a9144a6e4bd34,30,-0.09321446418934165,1788661195.3835223,30.562936675548553,61.245606660842896,0.27105363103925306,0.0,True,,-0.02278250303767715,0.2412506562258221,0.5757871839101147,0.4630856849089371,0.2663375658417155,0.23969366179310844,0.18138388056257032,0.3008881506950445,0.19057758850146383,0.06257122700385181
ETHUSDT:long:50:1788693570.372481,ETHUSDT,long,50,50,1788693570.3724809,2026-09-06T11:19:30.372481+00:00,2026-09-06,2502.23,7c8703dfa8bfc0e7c1bd06ff90b5f9075c1d4ae1abc64b052577ac468b5277fa,30,-0.1503729073666381,1788695414.727467,30.739249769846598,61.659605503082275,0.0,-0.14227309240157915,True,,0.023584528549269734,0.061583003091136845,0.16452372183883845,0.2552226487062548,0.4814614786389756,0.489262885326308,0.17013122263163374,-0.010941902995820207,0.11679454390452176,0.04596291218702655
ETHUSDT:long:50:1788726112.870767,ETHUSDT,long,50,54,1788726112.8707674,2026-09-06T20:21:52.870767+00:00,2026-09-06,2494.22,85023614d5e510fc23a1b422b30979b237aff13d5be2bf36d2f13054113a3448,30,0.0459837544402798,1788727962.2878716,30.823618404070537,61.83910346031189,0.19966161766002966,-0.029267666845744778,True,,0.15097612489258783,0.24717954076853843,0.18718167065665536,0.5648715229758627,0.7025767602813893,0.5430217496899796,0.29935249948634424,-0.1879482428509105,0.18866396761133847,0.0975830605279674
ETHUSDT:long:50:1788439069.565877,ETHUSDT,long,50,54,1788439069.5658774,2026-09-03T12:37:49.565877+00:00,2026-09-03,2415.66,405cb2bc578f628d5714512e3f4cfd6a6eae4e706b6f4db4a89e5129ef4c68c6,60,0.3945591680948636,1788442711.2597115,60.69489723443985,60.851603269577026,0.5145591680948636,-0.17593535514103253,True,,-0.00703691898851222,0.38731018891760005,0.4703974047039816,0.3531132122501113,0.46264085082257383,0.17684074659348914,0.26619407539758766,0.0013484884949566123,0.17847561937826054,0.03740209451729323
ETHUSDT:long:50:1788455830.127855,ETHUSDT,long,50,52,1788455830.1278553,2026-09-03T17:17:10.127855+00:00,2026-09-03,2498.38,b31fd99371e5beb65b32bb00d78d2ef427c09ba9b0c11efc8f1245a894bf7568,60,0.19860645698411628,1788459469.7618754,60.66056700150172,62.05856537818909,0.41546922405719666,-0.09366069212850547,True,,0.10537914454573638,0.2741265477313348,0.1061813577590609,3.2930504851719666,0.26561408694527466,0.10754809922959843,0.3217358198501831,-0.05432530240329081,0.03674941062266149,0.1813400723994276
ETHUSDT:long:50:1788471218.489975,ETHUSDT,long,50,52,1788471218.4899752,2026-09-03T21:33:38.489975+00:00,2026-09-03,2517.11,18bb5df8015071aa964a327719835d843291ab980a73d4071123d7b20887fff0,60,-1.155711589878874,1788474880.112934,61.02704931497574,62.3622989654541,0.31305743491543137,-1.0611375744405294,True,,0.2796712468477125,0.30844395206766073,0.45496086937435454,0.573367002828884,0.45951240526860365,0.471355713909568,0.18878712604985384,0.06625598574392377,0.17468587189702686,0.04716826085527353
ETHUSDT:long:50:1788490983.836880,ETHUSDT,long,50,50,1788490983.8368804,2026-09-04T03:03:03.836880+00:00,2026-09-04,2511.64,6b2b60fa4c36d62e4359207991adf44c69a9691cd0781fd4c9627c2adbcabce1,60,-0.5261091557707286,1788494598.9338293,60.25161581436793,62.750747203826904,0.16085107738370574,-0.4061091557707286,True,,0.28188358926446444,0.4816770683309324,0.4547508869042094,0.6762146410290271,0.20740509089146214,0.40384291771871517,0.34470150270097755,-0.033200673842859185,0.2235988200589973,0.06617502843917912
ETHUSDT:long:50:1788511491.037888,ETHUSDT,long,50,54,1788511491.037888,2026-09-04T08:44:51.037888+00:00,2026-09-04,2518.54,7228284bfab5728cebe6f7ec996269c663b92c24463b8f48862b2fc0aa3bd73a,60,0.29929054134537403,1788515115.3607283,60.4053806702296,62.7697479724884,0.9711975986087085,0.0,True,,0.03535042599249749,0.045682234377664166,0.5601894182893918,0.3074692729865047,0.595520993680289,0.4155642110812508,0.183538605328508,-0.12281407184100424,0.2649669499527772,0.03587027227952627
ETHUSDT:long:50:1788540474.809328,ETHUSDT,long,50,56,1788540474.8093283,2026-09-04T16:47:54.809328+00:00,2026-09-04,2459.99,48198f061e4ad05c4e97a172b9b0c8817de83376aeb61da72766ee2db84acf71,60,-0.7195959333167988,1788544121.3596745,60.77583910226822,63.18427085876465,0.0532522489929077,-0.6341489193045446,True,,0.06996790425786159,0.09073302519364557,0.3041756879630153,0.7243172419440613,0.4884367696364504,0.24314033129073498,0.14403211650671283,-0.019857511098175795,0.12020625201417143,0.04615063525605732
ETHUSDT:long:50:1788557614.497340,ETHUSDT,long,50,54,1788557614.4973402,2026-09-04T21:33:34.497340+00:00,2026-09-04,2454.27,551b5d7b08ab78a9a04d7b2f852cba5d7766bce3081b84c9ae72e987275c1879,60,-0.21982601751232778,1788561249.0759811,60.57631068229675,62.92262244224548,0.05296890725146053,-0.16990795633732292,True,,0.08727106637902438,0.03219916200660755,0.12524477806790113,0.2815255497715885,0.7086825542806957,0.18800312644392878,0.24807130306387545,0.07318747742124376,0.09177877428999169,0.04731817869651689
ETHUSDT:long:50:1788593998.306329,ETHUSDT,long,50,54,1788593998.306329,2026-09-05T07:39:58.306329+00:00,2026-09-05,2457.61,6bde720ee9b2e0fcaec0760e1a5b850ff4aafa65dc51dc6e0b159bbf5662728d,60,-0.2530560992183427,1788597608.8834145,60.17628475824992,62.416431188583374,0.007731088333784442,-0.23233954939961832,True,,0.030119623748925406,0.14751486354875887,0.20468158151178972,0.19365149254340075,0.4794513394132793,0.13535136951101448,0.3584984867906101,0.02339088813625434,0.2530241935483901,0.05337678390830225
ETHUSDT:long:50:1788623042.251099,ETHUSDT,long,50,52,1788623042.2510989,2026-09-05T15:44:02.251099+00:00,2026-09-05,2457.59,bdd19d8eb76e77c06b25d931976cc5edbd42a8948d416677360e21fb2ada6df7,60,0.18192180143961967,1788626702.8899698,61.01064784924189,61.12389850616455,0.43131685919945983,-0.018310621381123493,True,,0.002441475790737613,0.05170336112558793,0.09734441186055598,0.19487852707711362,0.7016604545760181,0.5317699590926924,0.6483677691785018,-0.038949818006184245,0.07541811296939577,0.03816062589813245
ETHUSDT:long:50:1788644524.707708,ETHUSDT,long,50,54,1788644524.7077081,2026-09-05T21:42:04.707708+00:00,2026-09-05,2483.37,bdba65887a64c63bbb390fdb90ae7cf6341482ad488e672d961ff78b61c06d4a,60,-0.22348840486917865,1788648125.3625867,60.01091464360555,61.194868087768555,0.2665732452272529,-0.23234556268296735,True,,0.12498639261047106,0.13104204635259187,0.2652616279069653,0.32885832831694994,0.9348955706136135,0.6779062742330388,0.618215255305836,-0.18864422155611127,0.23864874682165652,0.04901842707455115
ETHUSDT:long:50:1788659361.607322,ETHUSDT,long,50,56,1788659361.6073217,2026-09-06T01:49:21.607322+00:00,2026-09-06,2501.35,1d71e51dd5222f8506562ef70170d00294b66ddf254f7b58329a9144a6e4bd34,60,-0.15877905930796954,1788662968.4864016,60.11465133031209,61.28565979003906,0.27105363103925306,-0.05836848102025449,True,,-0.02278250303767715,0.2412506562258221,0.5757871839101147,0.4630856849089371,0.2663375658417155,0.23969366179310844,0.18138388056257032,0.3008881506950445,0.19057758850146383,0.06257122700385181
ETHUSDT:long:50:1788693570.372481,ETHUSDT,long,50,50,1788693570.3724809,2026-09-06T11:19:30.372481+00:00,2026-09-06,2502.23,7c8703dfa8bfc0e7c1bd06ff90b5f9075c1d4ae1abc64b052577ac468b5277fa,60,-0.1275932268416623,1788697197.9234183,60.45918229023616,61.67203402519226,0.05595009251748717,-0.16345419885462897,True,,0.023584528549269734,0.061583003091136845,0.16452372183883845,0.2552226487062548,0.4814614786389756,0.489262885326308,0.17013122263163374,-0.010941902995820207,0.11679454390452176,0.04596291218702655
ETHUSDT:long:50:1788726112.870767,ETHUSDT,long,50,54,1788726112.8707674,2026-09-06T20:21:52.870767+00:00,2026-09-06,2494.22,85023614d5e510fc23a1b422b30979b237aff13d5be2bf36d2f13054113a3448,60,0.4853996840695852,1788729750.9083161,60.633959146340686,61.83910346031189,0.8034575939572353,-0.029267666845744778,True,,0.15097612489258783,0.24717954076853843,0.18718167065665536,0.5648715229758627,0.7025767602813893,0.5430217496899796,0.29935249948634424,-0.1879482428509105,0.18866396761133847,0.0975830605279674
ETHUSDT:long:50:1788439069.565877,ETHUSDT,long,50,54,1788439069.5658774,2026-09-03T12:37:49.565877+00:00,2026-09-03,2415.66,405cb2bc578f628d5714512e3f4cfd6a6eae4e706b6f4db4a89e5129ef4c68c6,240,3.1126569136385207,1788453489.453212,240.33145557641984,61.73488903045654,4.248528352499936,-0.17593535514103253,True,,-0.00703691898851222,0.38731018891760005,0.4703974047039816,0.3531132122501113,0.46264085082257383,0.17684074659348914,0.26619407539758766,0.0013484884949566123,0.17847561937826054,0.03740209451729323
ETHUSDT:long:50:1788455830.127855,ETHUSDT,long,50,52,1788455830.1278553,2026-09-03T17:17:10.127855+00:00,2026-09-03,2498.38,b31fd99371e5beb65b32bb00d78d2ef427c09ba9b0c11efc8f1245a894bf7568,240,0.41154444079763774,1788470289.0213273,240.98155786593756,62.16792964935303,1.0634891409633251,-0.09366069212850547,True,,0.10537914454573638,0.2741265477313348,0.1061813577590609,3.2930504851719666,0.26561408694527466,0.10754809922959843,0.3217358198501831,-0.05432530240329081,0.03674941062266149,0.1813400723994276
ETHUSDT:long:50:1788471218.489975,ETHUSDT,long,50,52,1788471218.4899752,2026-09-03T21:33:38.489975+00:00,2026-09-03,2517.11,18bb5df8015071aa964a327719835d843291ab980a73d4071123d7b20887fff0,240,-0.6980438677689959,1788485630.8164341,240.2054409821828,63.423248291015625,0.31305743491543137,-1.0611375744405294,True,,0.2796712468477125,0.30844395206766073,0.45496086937435454,0.573367002828884,0.45951240526860365,0.471355713909568,0.18878712604985384,0.06625598574392377,0.17468587189702686,0.04716826085527353
ETHUSDT:long:50:1788490983.836880,ETHUSDT,long,50,50,1788490983.8368804,2026-09-04T03:03:03.836880+00:00,2026-09-04,2511.64,6b2b60fa4c36d62e4359207991adf44c69a9691cd0781fd4c9627c2adbcabce1,240,-0.17892564220987273,1788505439.196778,240.92266496022543,62.750747203826904,0.45149782612159406,-0.4069054482330192,True,,0.28188358926446444,0.4816770683309324,0.4547508869042094,0.6762146410290271,0.20740509089146214,0.40384291771871517,0.34470150270097755,-0.033200673842859185,0.2235988200589973,0.06617502843917912
ETHUSDT:long:50:1788511491.037888,ETHUSDT,long,50,54,1788511491.037888,2026-09-04T08:44:51.037888+00:00,2026-09-04,2518.54,7228284bfab5728cebe6f7ec996269c663b92c24463b8f48862b2fc0aa3bd73a,240,-2.8382415208811484,1788525898.834719,240.12994718154272,63.8518590927124,0.9711975986087085,-3.0446210899965798,True,,0.03535042599249749,0.045682234377664166,0.5601894182893918,0.3074692729865047,0.595520993680289,0.4155642110812508,0.183538605328508,-0.12281407184100424,0.2649669499527772,0.03587027227952627
ETHUSDT:long:50:1788540474.809328,ETHUSDT,long,50,56,1788540474.8093283,2026-09-04T16:47:54.809328+00:00,2026-09-04,2459.99,48198f061e4ad05c4e97a172b9b0c8817de83376aeb61da72766ee2db84acf71,240,-0.3590253618916982,1788554918.1255507,240.72193704048792,63.332541942596436,0.0532522489929077,-0.7365883601152756,True,,0.06996790425786159,0.09073302519364557,0.3041756879630153,0.7243172419440613,0.4884367696364504,0.24314033129073498,0.14403211650671283,-0.019857511098175795,0.12020625201417143,0.04615063525605732
ETHUSDT:long:50:1788557614.497340,ETHUSDT,long,50,54,1788557614.4973402,2026-09-04T21:33:34.497340+00:00,2026-09-04,2454.27,551b5d7b08ab78a9a04d7b2f852cba5d7766bce3081b84c9ae72e987275c1879,240,-0.1554484225451923,1788572014.6372077,240.00233112573625,63.90099787712097,0.05296890725146053,-0.22206195732334955,True,,0.08727106637902438,0.03219916200660755,0.12524477806790113,0.2815255497715885,0.7086825542806957,0.18800312644392878,0.24807130306387545,0.07318747742124376,0.09177877428999169,0.04731817869651689
ETHUSDT:long:50:1788593998.306329,ETHUSDT,long,50,54,1788593998.306329,2026-09-05T07:39:58.306329+00:00,2026-09-05,2457.61,6bde720ee9b2e0fcaec0760e1a5b850ff4aafa65dc51dc6e0b159bbf5662728d,240,-0.3144979065026664,1788608411.0735884,240.21278765598933,62.56489682197571,0.07771778272385177,-0.23233954939961832,True,,0.030119623748925406,0.14751486354875887,0.20468158151178972,0.19365149254340075,0.4794513394132793,0.13535136951101448,0.3584984867906101,0.02339088813625434,0.2530241935483901,0.05337678390830225
ETHUSDT:long:50:1788623042.251099,ETHUSDT,long,50,52,1788623042.2510989,2026-09-05T15:44:02.251099+00:00,2026-09-05,2457.59,bdd19d8eb76e77c06b25d931976cc5edbd42a8948d416677360e21fb2ada6df7,240,0.6372459197831893,1788637445.944852,240.06156255404156,61.18460750579834,0.9338416904365543,-0.018310621381123493,True,,0.002441475790737613,0.05170336112558793,0.09734441186055598,0.19487852707711362,0.7016604545760181,0.5317699590926924,0.6483677691785018,-0.038949818006184245,0.07541811296939577,0.03816062589813245
ETHUSDT:long:50:1788644524.707708,ETHUSDT,long,50,54,1788644524.7077081,2026-09-05T21:42:04.707708+00:00,2026-09-05,2483.37,bdba65887a64c63bbb390fdb90ae7cf6341482ad488e672d961ff78b61c06d4a,240,0.6269688367017557,1788658933.975498,240.15446316401164,61.905247926712036,0.9382411803315671,-0.2601303873365657,True,,0.12498639261047106,0.13104204635259187,0.2652616279069653,0.32885832831694994,0.9348955706136135,0.6779062742330388,0.618215255305836,-0.18864422155611127,0.23864874682165652,0.04901842707455115
ETHUSDT:long:50:1788659361.607322,ETHUSDT,long,50,56,1788659361.6073217,2026-09-06T01:49:21.607322+00:00,2026-09-06,2501.35,1d71e51dd5222f8506562ef70170d00294b66ddf254f7b58329a9144a6e4bd34,240,0.3949219421512363,1788673804.8739002,240.72110964059829,61.446765184402466,0.827952905431073,-0.15031882783296258,True,,-0.02278250303767715,0.2412506562258221,0.5757871839101147,0.4630856849089371,0.2663375658417155,0.23969366179310844,0.18138388056257032,0.3008881506950445,0.19057758850146383,0.06257122700385181
ETHUSDT:long:50:1788693570.372481,ETHUSDT,long,50,50,1788693570.3724809,2026-09-06T11:19:30.372481+00:00,2026-09-06,2502.23,7c8703dfa8bfc0e7c1bd06ff90b5f9075c1d4ae1abc64b052577ac468b5277fa,240,-1.115911646811043,1788707974.8351192,240.07437730630238,61.941967248916626,0.05595009251748717,-1.292047493635673,True,,0.023584528549269734,0.061583003091136845,0.16452372183883845,0.2552226487062548,0.4814614786389756,0.489262885326308,0.17013122263163374,-0.010941902995820207,0.11679454390452176,0.04596291218702655
ETHUSDT:long:50:1788726112.870767,ETHUSDT,long,50,54,1788726112.8707674,2026-09-06T20:21:52.870767+00:00,2026-09-06,2494.22,85023614d5e510fc23a1b422b30979b237aff13d5be2bf36d2f13054113a3448,240,0.7123243338598907,1788740560.127307,240.78760899305342,62.13442850112915,1.1931585826430835,-0.16277633889552057,True,,0.15097612489258783,0.24717954076853843,0.18718167065665536,0.5648715229758627,0.7025767602813893,0.5430217496899796,0.29935249948634424,-0.1879482428509105,0.18866396761133847,0.0975830605279674
ETHUSDT:long:60:1788444536.754252,ETHUSDT,long,60,62,1788444536.7542522,2026-09-03T14:08:56.754252+00:00,2026-09-03,2434.44,2c56330f3e0e8a7a0427b7b945d90e3ce4e920060e714875e8c9a080a31490b7,15,0.32650925880285186,1788445450.7430265,15.233146238327027,61.11096453666687,0.44650925880285186,-0.13678710504263503,True,,0.17529565711182915,0.3549300651735754,0.681566279012058,1.7997825541523849,0.5256736694838254,0.41344963589534633,0.17027945652197277,0.15915371346393314,0.2005354100754492,0.1518058690744937
ETHUSDT:long:60:1788459284.569770,ETHUSDT,long,60,62,1788459284.5697696,2026-09-03T18:14:44.569770+00:00,2026-09-03,2508.76,72935bd631d7162ba815aa58ef8b6565f31704819f4e614c32ce1250d649fc1b,15,-0.495085699708233,1788460210.5245821,15.432580208778381,61.92540693283081,0.0,-0.3942186578229978,True,,0.03548828288548744,0.35963308624393786,0.40502033106011304,2.862719050079132,0.4400118179352957,0.2905670452117876,0.22367932340956356,0.2800323120201842,0.15857098088374502,0.16891663037693105
ETHUSDT:long:60:1788491295.821063,ETHUSDT,long,60,62,1788491295.8210626,2026-09-04T03:08:15.821063+00:00,2026-09-04,2515.68,291c5349254b4ac1524960441208bb84637e9e2a8cb9837c8d14788d5ee1ba6a,15,-0.35214399287666553,1788492230.5661597,15.579084952672323,62.52738380432129,0.0,-0.2778572791451883,True,,0.20952669274463265,0.547164457092153,0.6642444419546312,0.780386187004245,0.6957360503384737,0.5282243872094167,0.440858337094458,0.6288330438242395,0.31016442451420395,0.07575050552185461
ETHUSDT:long:60:1788512365.304357,ETHUSDT,long,60,62,1788512365.3043568,2026-09-04T08:59:25.304357+00:00,2026-09-04,2525.78,172e29d95fbfaa4fec7349add36dc793788e0d99fe61b58b676cd9bd796f94c1,15,0.013820047668420377,1788513302.340197,15.61726400454839,62.62713837623596,0.25457482441066936,-0.033257053266722014,True,,-0.03799362023791941,0.2874681363012055,0.8484625857945405,0.766385937755576,0.7762795567079791,0.3440828435438717,0.23218289878184303,0.35199944990476073,0.32981530343007764,0.08562513929128457
ETHUSDT:long:60:1788627007.967252,ETHUSDT,long,60,62,1788627007.9672525,2026-09-05T16:50:07.967252+00:00,2026-09-05,2470,6d3883e02c4e0f0a476e759a5678761d413bb0522c76883fa185fb9c680a8a55,15,0.08040485829959654,1788627923.5470402,15.259663128852845,61.16219878196716,0.21497975708502093,-0.05708502024290851,True,,0.10577979160166784,0.16667410144004524,0.49310788158900554,0.5082380132735986,0.6708911168656,0.3108169201582382,0.25695064042251176,0.10520503090223343,0.3167799268165139,0.0892716746479842
ETHUSDT:long:60:1788644891.020141,ETHUSDT,long,60,71,1788644891.020141,2026-09-05T21:48:11.020141+00:00,2026-09-05,2488.92,0baeff80203803dedf4f8a8f8cbaefb9c65d15caf4c49d79474e56290928afb4,15,-0.15133889397811673,1788645806.346459,15.255438633759816,61.064842224121094,0.036160262282436406,-0.05785641965190269,True,,0.09007994595204849,0.37424787469149123,0.4102874432677872,0.48284994509397716,-0.7409929465819851,-0.4783445955008333,0.23315678799839976,0.6368498538935841,0.26177606177607343,0.0670253306433542
ETHUSDT:long:60:1788659544.969012,ETHUSDT,long,60,87,1788659544.9690115,2026-09-06T01:52:24.969012+00:00,2026-09-06,2505.42,dc8c07f3bdd69283df05acc4cdccae7f7e96ef1f8d93ca6f86b95d60cd9ff2e0,15,-0.07809085901765644,1788660461.7882378,15.280320437749227,61.245606660842896,0.10776636252602945,-0.15885560105690644,True,,0.18073493542325458,0.2609148025131125,0.7098755506961929,0.6487845834320938,0.7328926154376717,-0.24312612470528303,0.2119501980622439,0.02175109021023136,0.2357810413885201,0.08589054938041883
ETHUSDT:long:60:1788728147.249871,ETHUSDT,long,60,71,1788728147.2498713,2026-09-06T20:55:47.249871+00:00,2026-09-06,2497.3,0241d84127d03c3eee589fe724fba4219def0ea7fe4ee7ac0c7e5896f3eda618,15,0.3829431786329308,1788729072.500412,15.420842345555624,61.78575539588928,0.6070556200696631,-0.010811676610733567,True,,-0.07602432778487378,0.1218798361036999,0.3383047796599259,0.6257630642646284,-0.2542916529263331,-0.16905705046594394,0.2550081962581117,0.05541899958450003,0.23758465011288374,0.10959000776233607
ETHUSDT:long:60:1788444536.754252,ETHUSDT,long,60,62,1788444536.7542522,2026-09-03T14:08:56.754252+00:00,2026-09-03,2434.44,2c56330f3e0e8a7a0427b7b945d90e3ce4e920060e714875e8c9a080a31490b7,30,0.8161495867632685,1788446366.3682168,30.493566075960796,61.17257881164551,1.0897783473817313,-0.13678710504263503,True,,0.17529565711182915,0.3549300651735754,0.681566279012058,1.7997825541523849,0.5256736694838254,0.41344963589534633,0.17027945652197277,0.15915371346393314,0.2005354100754492,0.1518058690744937
ETHUSDT:long:60:1788459284.569770,ETHUSDT,long,60,62,1788459284.5697696,2026-09-03T18:14:44.569770+00:00,2026-09-03,2508.76,72935bd631d7162ba815aa58ef8b6565f31704819f4e614c32ce1250d649fc1b,30,-0.5201977072338736,1788461135.2759483,30.845102977752685,61.92540693283081,0.0,-0.4284985411119435,True,,0.03548828288548744,0.35963308624393786,0.40502033106011304,2.862719050079132,0.4400118179352957,0.2905670452117876,0.22367932340956356,0.2800323120201842,0.15857098088374502,0.16891663037693105
ETHUSDT:long:60:1788491295.821063,ETHUSDT,long,60,62,1788491295.8210626,2026-09-04T03:08:15.821063+00:00,2026-09-04,2515.68,291c5349254b4ac1524960441208bb84637e9e2a8cb9837c8d14788d5ee1ba6a,30,-0.5254569738599412,1788493103.790296,30.132820558547973,62.750747203826904,0.0,-0.4420276028747616,True,,0.20952669274463265,0.547164457092153,0.6642444419546312,0.780386187004245,0.6957360503384737,0.5282243872094167,0.440858337094458,0.6288330438242395,0.31016442451420395,0.07575050552185461
ETHUSDT:long:60:1788512365.304357,ETHUSDT,long,60,62,1788512365.3043568,2026-09-04T08:59:25.304357+00:00,2026-09-04,2525.78,172e29d95fbfaa4fec7349add36dc793788e0d99fe61b58b676cd9bd796f94c1,30,-0.28984852204072753,1788514177.5849593,30.20467670758565,62.68523812294006,0.6817695919676181,-0.19954231960029878,True,,-0.03799362023791941,0.2874681363012055,0.8484625857945405,0.766385937755576,0.7762795567079791,0.3440828435438717,0.23218289878184303,0.35199944990476073,0.32981530343007764,0.08562513929128457
ETHUSDT:long:60:1788627007.967252,ETHUSDT,long,60,62,1788627007.9672525,2026-09-05T16:50:07.967252+00:00,2026-09-05,2470,6d3883e02c4e0f0a476e759a5678761d413bb0522c76883fa185fb9c680a8a55,30,0.156113360323893,1788628839.2656612,30.521640145778655,61.16219878196716,0.3829959514169978,-0.05708502024290851,True,,0.10577979160166784,0.16667410144004524,0.49310788158900554,0.5082380132735986,0.6708911168656,0.3108169201582382,0.25695064042251176,0.10520503090223343,0.3167799268165139,0.0892716746479842
ETHUSDT:long:60:1788644891.020141,ETHUSDT,long,60,71,1788644891.020141,2026-09-05T21:48:11.020141+00:00,2026-09-05,2488.92,0baeff80203803dedf4f8a8f8cbaefb9c65d15caf4c49d79474e56290928afb4,30,-0.2883461099593386,1788646721.5767953,30.509277574221294,61.194868087768555,0.036160262282436406,-0.17156035549555915,True,,0.09007994595204849,0.37424787469149123,0.4102874432677872,0.48284994509397716,-0.7409929465819851,-0.4783445955008333,0.23315678799839976,0.6368498538935841,0.26177606177607343,0.0670253306433542
ETHUSDT:long:60:1788659544.969012,ETHUSDT,long,60,87,1788659544.9690115,2026-09-06T01:52:24.969012+00:00,2026-09-06,2505.42,dc8c07f3bdd69283df05acc4cdccae7f7e96ef1f8d93ca6f86b95d60cd9ff2e0,30,-0.29242618004167376,1788661378.871641,30.565043822924295,61.245606660842896,0.10816549720207291,-0.18120714291416373,True,,0.18073493542325458,0.2609148025131125,0.7098755506961929,0.6487845834320938,0.7328926154376717,-0.24312612470528303,0.2119501980622439,0.02175109021023136,0.2357810413885201,0.08589054938041883
ETHUSDT:long:60:1788728147.249871,ETHUSDT,long,60,71,1788728147.2498713,2026-09-06T20:55:47.249871+00:00,2026-09-06,2497.3,0241d84127d03c3eee589fe724fba4219def0ea7fe4ee7ac0c7e5896f3eda618,30,0.3272830657109572,1788729997.5595236,30.838494205474852,61.78575539588928,0.6791334641412794,-0.010811676610733567,True,,-0.07602432778487378,0.1218798361036999,0.3383047796599259,0.6257630642646284,-0.2542916529263331,-0.16905705046594394,0.2550081962581117,0.05541899958450003,0.23758465011288374,0.10959000776233607
ETHUSDT:long:60:1788444536.754252,ETHUSDT,long,60,62,1788444536.7542522,2026-09-03T14:08:56.754252+00:00,2026-09-03,2434.44,2c56330f3e0e8a7a0427b7b945d90e3ce4e920060e714875e8c9a080a31490b7,60,2.320807742232298,1788448142.4143958,60.09433572689692,61.44715976715088,2.691789487520735,-0.13678710504263503,True,,0.17529565711182915,0.3549300651735754,0.681566279012058,1.7997825541523849,0.5256736694838254,0.41344963589534633,0.17027945652197277,0.15915371346393314,0.2005354100754492,0.1518058690744937
ETHUSDT:long:60:1788459284.569770,ETHUSDT,long,60,62,1788459284.5697696,2026-09-03T18:14:44.569770+00:00,2026-09-03,2508.76,72935bd631d7162ba815aa58ef8b6565f31704819f4e614c32ce1250d649fc1b,60,-0.1602589326998326,1788462926.1629205,60.69321918090184,62.01285123825073,0.6453387330792815,-0.4284985411119435,True,,0.03548828288548744,0.35963308624393786,0.40502033106011304,2.862719050079132,0.4400118179352957,0.2905670452117876,0.22367932340956356,0.2800323120201842,0.15857098088374502,0.16891663037693105
ETHUSDT:long:60:1788491295.821063,ETHUSDT,long,60,62,1788491295.8210626,2026-09-04T03:08:15.821063+00:00,2026-09-04,2515.68,291c5349254b4ac1524960441208bb84637e9e2a8cb9837c8d14788d5ee1ba6a,60,-0.667764421548036,1788494910.1600218,60.23898265361786,62.750747203826904,0.0,-0.5660497360554517,True,,0.20952669274463265,0.547164457092153,0.6642444419546312,0.780386187004245,0.6957360503384737,0.5282243872094167,0.440858337094458,0.6288330438242395,0.31016442451420395,0.07575050552185461
ETHUSDT:long:60:1788512365.304357,ETHUSDT,long,60,62,1788512365.3043568,2026-09-04T08:59:25.304357+00:00,2026-09-04,2525.78,172e29d95fbfaa4fec7349add36dc793788e0d99fe61b58b676cd9bd796f94c1,60,-0.3405259365423817,1788515991.4333143,60.43548262516658,62.73932766914368,0.6817695919676181,-0.2252769441519087,True,,-0.03799362023791941,0.2874681363012055,0.8484625857945405,0.766385937755576,0.7762795567079791,0.3440828435438717,0.23218289878184303,0.35199944990476073,0.32981530343007764,0.08562513929128457
ETHUSDT:long:60:1788627007.967252,ETHUSDT,long,60,62,1788627007.9672525,2026-09-05T16:50:07.967252+00:00,2026-09-05,2470,6d3883e02c4e0f0a476e759a5678761d413bb0522c76883fa185fb9c680a8a55,60,0.18728744939272357,1788630610.3384535,60.03952001730601,61.18460750579834,0.4141700404858284,-0.05708502024290851,True,,0.10577979160166784,0.16667410144004524,0.49310788158900554,0.5082380132735986,0.6708911168656,0.3108169201582382,0.25695064042251176,0.10520503090223343,0.3167799268165139,0.0892716746479842
ETHUSDT:long:60:1788644891.020141,ETHUSDT,long,60,71,1788644891.020141,2026-09-05T21:48:11.020141+00:00,2026-09-05,2488.92,0baeff80203803dedf4f8a8f8cbaefb9c65d15caf4c49d79474e56290928afb4,60,-0.48481686836057347,1788648491.5989602,60.00964698791504,61.194868087768555,0.036160262282436406,-0.45481574337464803,True,,0.09007994595204849,0.37424787469149123,0.4102874432677872,0.48284994509397716,-0.7409929465819851,-0.4783445955008333,0.23315678799839976,0.6368498538935841,0.26177606177607343,0.0670253306433542
ETHUSDT:long:60:1788659544.969012,ETHUSDT,long,60,87,1788659544.9690115,2026-09-06T01:52:24.969012+00:00,2026-09-06,2505.42,dc8c07f3bdd69283df05acc4cdccae7f7e96ef1f8d93ca6f86b95d60cd9ff2e0,60,-0.32874743555970853,1788663151.8192687,60.11417095263799,61.28565979003906,0.10816549720207291,-0.2207214758403908,True,,0.18073493542325458,0.2609148025131125,0.7098755506961929,0.6487845834320938,0.7328926154376717,-0.24312612470528303,0.2119501980622439,0.02175109021023136,0.2357810413885201,0.08589054938041883
ETHUSDT:long:60:1788728147.249871,ETHUSDT,long,60,71,1788728147.2498713,2026-09-06T20:55:47.249871+00:00,2026-09-06,2497.3,0241d84127d03c3eee589fe724fba4219def0ea7fe4ee7ac0c7e5896f3eda618,60,0.2207680294718274,1788731786.4350526,60.65308635632197,61.78575539588928,0.6791334641412794,-0.010811676610733567,True,,-0.07602432778487378,0.1218798361036999,0.3383047796599259,0.6257630642646284,-0.2542916529263331,-0.16905705046594394,0.2550081962581117,0.05541899958450003,0.23758465011288374,0.10959000776233607
ETHUSDT:long:60:1788444536.754252,ETHUSDT,long,60,62,1788444536.7542522,2026-09-03T14:08:56.754252+00:00,2026-09-03,2434.44,2c56330f3e0e8a7a0427b7b945d90e3ce4e920060e714875e8c9a080a31490b7,240,2.8724746553622094,1788458976.1733744,240.6569853703181,62.05856537818909,3.4443239512988555,-0.13678710504263503,True,,0.17529565711182915,0.3549300651735754,0.681566279012058,1.7997825541523849,0.5256736694838254,0.41344963589534633,0.17027945652197277,0.15915371346393314,0.2005354100754492,0.1518058690744937
ETHUSDT:long:60:1788459284.569770,ETHUSDT,long,60,62,1788459284.5697696,2026-09-03T18:14:44.569770+00:00,2026-09-03,2508.76,72935bd631d7162ba815aa58ef8b6565f31704819f4e614c32ce1250d649fc1b,240,-0.3348471754970682,1788473699.10355,240.242229672273,62.24390411376953,0.6469331462555017,-0.4284985411119435,True,,0.03548828288548744,0.35963308624393786,0.40502033106011304,2.862719050079132,0.4400118179352957,0.2905670452117876,0.22367932340956356,0.2800323120201842,0.15857098088374502,0.16891663037693105
ETHUSDT:long:60:1788491295.821063,ETHUSDT,long,60,62,1788491295.8210626,2026-09-04T03:08:15.821063+00:00,2026-09-04,2515.68,291c5349254b4ac1524960441208bb84637e9e2a8cb9837c8d14788d5ee1ba6a,240,-0.19433377854099143,1788505751.9872596,240.93610328435898,62.89554715156555,0.29017999109586246,-0.5668447497296891,True,,0.20952669274463265,0.547164457092153,0.6642444419546312,0.780386187004245,0.6957360503384737,0.5282243872094167,0.440858337094458,0.6288330438242395,0.31016442451420395,0.07575050552185461
ETHUSDT:long:60:1788512365.304357,ETHUSDT,long,60,62,1788512365.3043568,2026-09-04T08:59:25.304357+00:00,2026-09-04,2525.78,172e29d95fbfaa4fec7349add36dc793788e0d99fe61b58b676cd9bd796f94c1,240,-3.055330868088282,1788526785.172764,240.3311401208242,63.8518590927124,0.6817695919676181,-3.560088368741543,True,,-0.03799362023791941,0.2874681363012055,0.8484625857945405,0.766385937755576,0.7762795567079791,0.3440828435438717,0.23218289878184303,0.35199944990476073,0.32981530343007764,0.08562513929128457
ETHUSDT:long:60:1788627007.967252,ETHUSDT,long,60,62,1788627007.9672525,2026-09-05T16:50:07.967252+00:00,2026-09-05,2470,6d3883e02c4e0f0a476e759a5678761d413bb0522c76883fa185fb9c680a8a55,240,0.22736842105262955,1788641413.10098,240.0855621258418,61.22632360458374,0.45829959514169794,-0.05708502024290851,True,,0.10577979160166784,0.16667410144004524,0.49310788158900554,0.5082380132735986,0.6708911168656,0.3108169201582382,0.25695064042251176,0.10520503090223343,0.3167799268165139,0.0892716746479842
ETHUSDT:long:60:1788644891.020141,ETHUSDT,long,60,71,1788644891.020141,2026-09-05T21:48:11.020141+00:00,2026-09-05,2488.92,0baeff80203803dedf4f8a8f8cbaefb9c65d15caf4c49d79474e56290928afb4,240,0.3613332690484229,1788659300.5596292,240.15899147192638,61.905247926712036,0.713160728348039,-0.4825386111245167,True,,0.09007994595204849,0.37424787469149123,0.4102874432677872,0.48284994509397716,-0.7409929465819851,-0.4783445955008333,0.23315678799839976,0.6368498538935841,0.26177606177607343,0.0670253306433542
ETHUSDT:long:60:1788659544.969012,ETHUSDT,long,60,87,1788659544.9690115,2026-09-06T01:52:24.969012+00:00,2026-09-06,2505.42,dc8c07f3bdd69283df05acc4cdccae7f7e96ef1f8d93ca6f86b95d60cd9ff2e0,240,0.2619718849534137,1788673988.9139628,240.73241585493088,61.448700189590454,0.6641601009012454,-0.31252245132552536,True,,0.18073493542325458,0.2609148025131125,0.7098755506961929,0.6487845834320938,0.7328926154376717,-0.24312612470528303,0.2119501980622439,0.02175109021023136,0.2357810413885201,0.08589054938041883
ETHUSDT:long:60:1788728147.249871,ETHUSDT,long,60,71,1788728147.2498713,2026-09-06T20:55:47.249871+00:00,2026-09-06,2497.3,0241d84127d03c3eee589fe724fba4219def0ea7fe4ee7ac0c7e5896f3eda618,240,0.3913522604412779,1788742646.5121717,241.65437167485555,120.06799674034119,1.0683538221278877,-0.2859087814840122,False,,-0.07602432778487378,0.1218798361036999,0.3383047796599259,0.6257630642646284,-0.2542916529263331,-0.16905705046594394,0.2550081962581117,0.05541899958450003,0.23758465011288374,0.10959000776233607
ETHUSDT:long:70:1788446305.270870,ETHUSDT,long,70,71,1788446305.27087,2026-09-03T14:38:25.270870+00:00,2026-09-03,2458.74,61077dde8e94a1b5972bd0d578c93bcfce824e68fd754c0a247fc4f3732de0bc,15,0.6295709184379029,1788447222.2844331,15.283559385935465,61.33018112182617,0.8626369603943473,-0.2647697601210308,True,,0.09077919487401331,0.5492146190053449,1.2623090577367213,2.86237825897786,-0.435692943705596,-0.18152120893862173,0.16822283420054404,0.2792439218657128,0.3039769909749131,0.22184034757797974
ETHUSDT:long:70:1788644891.020141,ETHUSDT,long,70,71,1788644891.020141,2026-09-05T21:48:11.020141+00:00,2026-09-05,2488.92,0baeff80203803dedf4f8a8f8cbaefb9c65d15caf4c49d79474e56290928afb4,15,-0.15133889397811673,1788645806.346459,15.255438633759816,61.064842224121094,0.036160262282436406,-0.05785641965190269,True,,0.09007994595204849,0.37424787469149123,0.4102874432677872,0.48284994509397716,-0.7409929465819851,-0.4783445955008333,0.23315678799839976,0.6368498538935841,0.26177606177607343,0.0670253306433542
ETHUSDT:long:70:1788659544.969012,ETHUSDT,long,70,87,1788659544.9690115,2026-09-06T01:52:24.969012+00:00,2026-09-06,2505.42,dc8c07f3bdd69283df05acc4cdccae7f7e96ef1f8d93ca6f86b95d60cd9ff2e0,15,-0.07809085901765644,1788660461.7882378,15.280320437749227,61.245606660842896,0.10776636252602945,-0.15885560105690644,True,,0.18073493542325458,0.2609148025131125,0.7098755506961929,0.6487845834320938,0.7328926154376717,-0.24312612470528303,0.2119501980622439,0.02175109021023136,0.2357810413885201,0.08589054938041883
ETHUSDT:long:70:1788728147.249871,ETHUSDT,long,70,71,1788728147.2498713,2026-09-06T20:55:47.249871+00:00,2026-09-06,2497.3,0241d84127d03c3eee589fe724fba4219def0ea7fe4ee7ac0c7e5896f3eda618,15,0.3829431786329308,1788729072.500412,15.420842345555624,61.78575539588928,0.6070556200696631,-0.010811676610733567,True,,-0.07602432778487378,0.1218798361036999,0.3383047796599259,0.6257630642646284,-0.2542916529263331,-0.16905705046594394,0.2550081962581117,0.05541899958450003,0.23758465011288374,0.10959000776233607
ETHUSDT:long:70:1788446305.270870,ETHUSDT,long,70,71,1788446305.27087,2026-09-03T14:38:25.270870+00:00,2026-09-03,2458.74,61077dde8e94a1b5972bd0d578c93bcfce824e68fd754c0a247fc4f3732de0bc,30,1.308373882557743,1788448142.4143958,30.619058763980867,61.44715976715088,1.6768751474332433,-0.2647697601210308,True,,0.09077919487401331,0.5492146190053449,1.2623090577367213,2.86237825897786,-0.435692943705596,-0.18152120893862173,0.16822283420054404,0.2792439218657128,0.3039769909749131,0.22184034757797974
ETHUSDT:long:70:1788644891.020141,ETHUSDT,long,70,71,1788644891.020141,2026-09-05T21:48:11.020141+00:00,2026-09-05,2488.92,0baeff80203803dedf4f8a8f8cbaefb9c65d15caf4c49d79474e56290928afb4,30,-0.2883461099593386,1788646721.5767953,30.509277574221294,61.194868087768555,0.036160262282436406,-0.17156035549555915,True,,0.09007994595204849,0.37424787469149123,0.4102874432677872,0.48284994509397716,-0.7409929465819851,-0.4783445955008333,0.23315678799839976,0.6368498538935841,0.26177606177607343,0.0670253306433542
ETHUSDT:long:70:1788659544.969012,ETHUSDT,long,70,87,1788659544.9690115,2026-09-06T01:52:24.969012+00:00,2026-09-06,2505.42,dc8c07f3bdd69283df05acc4cdccae7f7e96ef1f8d93ca6f86b95d60cd9ff2e0,30,-0.29242618004167376,1788661378.871641,30.565043822924295,61.245606660842896,0.10816549720207291,-0.18120714291416373,True,,0.18073493542325458,0.2609148025131125,0.7098755506961929,0.6487845834320938,0.7328926154376717,-0.24312612470528303,0.2119501980622439,0.02175109021023136,0.2357810413885201,0.08589054938041883
ETHUSDT:long:70:1788728147.249871,ETHUSDT,long,70,71,1788728147.2498713,2026-09-06T20:55:47.249871+00:00,2026-09-06,2497.3,0241d84127d03c3eee589fe724fba4219def0ea7fe4ee7ac0c7e5896f3eda618,30,0.3272830657109572,1788729997.5595236,30.838494205474852,61.78575539588928,0.6791334641412794,-0.010811676610733567,True,,-0.07602432778487378,0.1218798361036999,0.3383047796599259,0.6257630642646284,-0.2542916529263331,-0.16905705046594394,0.2550081962581117,0.05541899958450003,0.23758465011288374,0.10959000776233607
ETHUSDT:long:70:1788446305.270870,ETHUSDT,long,70,71,1788446305.27087,2026-09-03T14:38:25.270870+00:00,2026-09-03,2458.74,61077dde8e94a1b5972bd0d578c93bcfce824e68fd754c0a247fc4f3732de0bc,60,1.3234222406598528,1788449922.0826628,60.28019654750824,61.5666606426239,1.6768751474332433,-0.2647697601210308,True,,0.09077919487401331,0.5492146190053449,1.2623090577367213,2.86237825897786,-0.435692943705596,-0.18152120893862173,0.16822283420054404,0.2792439218657128,0.3039769909749131,0.22184034757797974
ETHUSDT:long:70:1788644891.020141,ETHUSDT,long,70,71,1788644891.020141,2026-09-05T21:48:11.020141+00:00,2026-09-05,2488.92,0baeff80203803dedf4f8a8f8cbaefb9c65d15caf4c49d79474e56290928afb4,60,-0.48481686836057347,1788648491.5989602,60.00964698791504,61.194868087768555,0.036160262282436406,-0.45481574337464803,True,,0.09007994595204849,0.37424787469149123,0.4102874432677872,0.48284994509397716,-0.7409929465819851,-0.4783445955008333,0.23315678799839976,0.6368498538935841,0.26177606177607343,0.0670253306433542
ETHUSDT:long:70:1788659544.969012,ETHUSDT,long,70,87,1788659544.9690115,2026-09-06T01:52:24.969012+00:00,2026-09-06,2505.42,dc8c07f3bdd69283df05acc4cdccae7f7e96ef1f8d93ca6f86b95d60cd9ff2e0,60,-0.32874743555970853,1788663151.8192687,60.11417095263799,61.28565979003906,0.10816549720207291,-0.2207214758403908,True,,0.18073493542325458,0.2609148025131125,0.7098755506961929,0.6487845834320938,0.7328926154376717,-0.24312612470528303,0.2119501980622439,0.02175109021023136,0.2357810413885201,0.08589054938041883
ETHUSDT:long:70:1788728147.249871,ETHUSDT,long,70,71,1788728147.2498713,2026-09-06T20:55:47.249871+00:00,2026-09-06,2497.3,0241d84127d03c3eee589fe724fba4219def0ea7fe4ee7ac0c7e5896f3eda618,60,0.2207680294718274,1788731786.4350526,60.65308635632197,61.78575539588928,0.6791334641412794,-0.010811676610733567,True,,-0.07602432778487378,0.1218798361036999,0.3383047796599259,0.6257630642646284,-0.2542916529263331,-0.16905705046594394,0.2550081962581117,0.05541899958450003,0.23758465011288374,0.10959000776233607
ETHUSDT:long:70:1788446305.270870,ETHUSDT,long,70,71,1788446305.27087,2026-09-03T14:38:25.270870+00:00,2026-09-03,2458.74,61077dde8e94a1b5972bd0d578c93bcfce824e68fd754c0a247fc4f3732de0bc,240,1.545487200761384,1788460765.4331088,241.00270398060482,62.05856537818909,2.421972229678615,-0.2647697601210308,True,,0.09077919487401331,0.5492146190053449,1.2623090577367213,2.86237825897786,-0.435692943705596,-0.18152120893862173,0.16822283420054404,0.2792439218657128,0.3039769909749131,0.22184034757797974
ETHUSDT:long:70:1788644891.020141,ETHUSDT,long,70,71,1788644891.020141,2026-09-05T21:48:11.020141+00:00,2026-09-05,2488.92,0baeff80203803dedf4f8a8f8cbaefb9c65d15caf4c49d79474e56290928afb4,240,0.3613332690484229,1788659300.5596292,240.15899147192638,61.905247926712036,0.713160728348039,-0.4825386111245167,True,,0.09007994595204849,0.37424787469149123,0.4102874432677872,0.48284994509397716,-0.7409929465819851,-0.4783445955008333,0.23315678799839976,0.6368498538935841,0.26177606177607343,0.0670253306433542
ETHUSDT:long:70:1788659544.969012,ETHUSDT,long,70,87,1788659544.9690115,2026-09-06T01:52:24.969012+00:00,2026-09-06,2505.42,dc8c07f3bdd69283df05acc4cdccae7f7e96ef1f8d93ca6f86b95d60cd9ff2e0,240,0.2619718849534137,1788673988.9139628,240.73241585493088,61.448700189590454,0.6641601009012454,-0.31252245132552536,True,,0.18073493542325458,0.2609148025131125,0.7098755506961929,0.6487845834320938,0.7328926154376717,-0.24312612470528303,0.2119501980622439,0.02175109021023136,0.2357810413885201,0.08589054938041883
ETHUSDT:long:70:1788728147.249871,ETHUSDT,long,70,71,1788728147.2498713,2026-09-06T20:55:47.249871+00:00,2026-09-06,2497.3,0241d84127d03c3eee589fe724fba4219def0ea7fe4ee7ac0c7e5896f3eda618,240,0.3913522604412779,1788742646.5121717,241.65437167485555,120.06799674034119,1.0683538221278877,-0.2859087814840122,False,,-0.07602432778487378,0.1218798361036999,0.3383047796599259,0.6257630642646284,-0.2542916529263331,-0.16905705046594394,0.2550081962581117,0.05541899958450003,0.23758465011288374,0.10959000776233607
ETHUSDT:long:80:1788450044.618003,ETHUSDT,long,80,87,1788450044.6180031,2026-09-03T15:40:44.618003+00:00,2026-09-03,2496.25,136c85931a9ffbfc1f485c1f1a1903bd6d4af1f6f6781f8b44ae666bc87103f8,15,0.3406910365548389,1788450965.786819,15.352813597520193,61.610984563827515,0.5428142213319997,-0.3308963445167845,True,,0.09623674238627977,0.39655886646905447,1.7951007858153512,3.792020955905273,0.1927250219335899,-0.13544364493609737,0.16608805376306104,0.05998146304324603,0.2996596324029949,0.22572022572022835
ETHUSDT:long:80:1788659544.969012,ETHUSDT,long,80,87,1788659544.9690115,2026-09-06T01:52:24.969012+00:00,2026-09-06,2505.42,dc8c07f3bdd69283df05acc4cdccae7f7e96ef1f8d93ca6f86b95d60cd9ff2e0,15,-0.07809085901765644,1788660461.7882378,15.280320437749227,61.245606660842896,0.10776636252602945,-0.15885560105690644,True,,0.18073493542325458,0.2609148025131125,0.7098755506961929,0.6487845834320938,0.7328926154376717,-0.24312612470528303,0.2119501980622439,0.02175109021023136,0.2357810413885201,0.08589054938041883
ETHUSDT:long:80:1788728393.975796,ETHUSDT,long,80,87,1788728393.9757962,2026-09-06T20:59:53.975796+00:00,2026-09-06,2497.86,5716610b0fc84ce2651376147a6a1b10edcef299fca683c8901d22b15cb5f78a,15,0.39844378788241663,1788729319.1451404,15.419489069779713,61.78575539588928,0.5845003322844322,0.0,True,,0.02242421815561446,0.05728179840813752,0.3495154992045668,0.6033316148988277,0.4506027539890647,-0.17345583852845783,0.21257970592221892,0.015168981639201995,0.24288107202682568,0.10603057757644734
ETHUSDT:long:80:1788450044.618003,ETHUSDT,long,80,87,1788450044.6180031,2026-09-03T15:40:44.618003+00:00,2026-09-03,2496.25,136c85931a9ffbfc1f485c1f1a1903bd6d4af1f6f6781f8b44ae666bc87103f8,30,0.11635453179771116,1788451888.8855617,30.737792642911277,61.70499873161316,0.8829243865798642,-0.3308963445167845,True,,0.09623674238627977,0.39655886646905447,1.7951007858153512,3.792020955905273,0.1927250219335899,-0.13544364493609737,0.16608805376306104,0.05998146304324603,0.2996596324029949,0.22572022572022835
ETHUSDT:long:80:1788659544.969012,ETHUSDT,long,80,87,1788659544.9690115,2026-09-06T01:52:24.969012+00:00,2026-09-06,2505.42,dc8c07f3bdd69283df05acc4cdccae7f7e96ef1f8d93ca6f86b95d60cd9ff2e0,30,-0.29242618004167376,1788661378.871641,30.565043822924295,61.245606660842896,0.10816549720207291,-0.18120714291416373,True,,0.18073493542325458,0.2609148025131125,0.7098755506961929,0.6487845834320938,0.7328926154376717,-0.24312612470528303,0.2119501980622439,0.02175109021023136,0.2357810413885201,0.08589054938041883
ETHUSDT:long:80:1788728393.975796,ETHUSDT,long,80,87,1788728393.9757962,2026-09-06T20:59:53.975796+00:00,2026-09-06,2497.86,5716610b0fc84ce2651376147a6a1b10edcef299fca683c8901d22b15cb5f78a,30,0.12140664408733859,1788730244.405807,30.840500179926554,61.78575539588928,0.6565620170866371,0.0,True,,0.02242421815561446,0.05728179840813752,0.3495154992045668,0.6033316148988277,0.4506027539890647,-0.17345583852845783,0.21257970592221892,0.015168981639201995,0.24288107202682568,0.10603057757644734
ETHUSDT:long:80:1788450044.618003,ETHUSDT,long,80,87,1788450044.6180031,2026-09-03T15:40:44.618003+00:00,2026-09-03,2496.25,136c85931a9ffbfc1f485c1f1a1903bd6d4af1f6f6781f8b44ae666bc87103f8,60,-0.36396594892338585,1788453674.1416152,60.49206020037333,61.73488903045654,0.8829243865798642,-0.3308963445167845,True,,0.09623674238627977,0.39655886646905447,1.7951007858153512,3.792020955905273,0.1927250219335899,-0.13544364493609737,0.16608805376306104,0.05998146304324603,0.2996596324029949,0.22572022572022835
ETHUSDT:long:80:1788659544.969012,ETHUSDT,long,80,87,1788659544.9690115,2026-09-06T01:52:24.969012+00:00,2026-09-06,2505.42,dc8c07f3bdd69283df05acc4cdccae7f7e96ef1f8d93ca6f86b95d60cd9ff2e0,60,-0.32874743555970853,1788663151.8192687,60.11417095263799,61.28565979003906,0.10816549720207291,-0.2207214758403908,True,,0.18073493542325458,0.2609148025131125,0.7098755506961929,0.6487845834320938,0.7328926154376717,-0.24312612470528303,0.2119501980622439,0.02175109021023136,0.2357810413885201,0.08589054938041883
ETHUSDT:long:80:1788728393.975796,ETHUSDT,long,80,87,1788728393.9757962,2026-09-06T20:59:53.975796+00:00,2026-09-06,2497.86,5716610b0fc84ce2651376147a6a1b10edcef299fca683c8901d22b15cb5f78a,60,0.1754529076889756,1788732033.1335742,60.65262963374456,61.807952880859375,0.6565620170866371,0.0,True,,0.02242421815561446,0.05728179840813752,0.3495154992045668,0.6033316148988277,0.4506027539890647,-0.17345583852845783,0.21257970592221892,0.015168981639201995,0.24288107202682568,0.10603057757644734
ETHUSDT:long:80:1788450044.618003,ETHUSDT,long,80,87,1788450044.6180031,2026-09-03T15:40:44.618003+00:00,2026-09-03,2496.25,136c85931a9ffbfc1f485c1f1a1903bd6d4af1f6f6781f8b44ae666bc87103f8,240,0.6159038557836817,1788464471.698872,240.45134781599046,62.05856537818909,1.1497245868803185,-0.3308963445167845,True,,0.09623674238627977,0.39655886646905447,1.7951007858153512,3.792020955905273,0.1927250219335899,-0.13544364493609737,0.16608805376306104,0.05998146304324603,0.2996596324029949,0.22572022572022835
ETHUSDT:long:80:1788659544.969012,ETHUSDT,long,80,87,1788659544.9690115,2026-09-06T01:52:24.969012+00:00,2026-09-06,2505.42,dc8c07f3bdd69283df05acc4cdccae7f7e96ef1f8d93ca6f86b95d60cd9ff2e0,240,0.2619718849534137,1788673988.9139628,240.73241585493088,61.448700189590454,0.6641601009012454,-0.31252245132552536,True,,0.18073493542325458,0.2609148025131125,0.7098755506961929,0.6487845834320938,0.7328926154376717,-0.24312612470528303,0.2119501980622439,0.02175109021023136,0.2357810413885201,0.08589054938041883
ETHUSDT:long:80:1788728393.975796,ETHUSDT,long,80,87,1788728393.9757962,2026-09-06T20:59:53.975796+00:00,2026-09-06,2497.86,5716610b0fc84ce2651376147a6a1b10edcef299fca683c8901d22b15cb5f78a,240,,,,,,,False,,0.02242421815561446,0.05728179840813752,0.3495154992045668,0.6033316148988277,0.4506027539890647,-0.17345583852845783,0.21257970592221892,0.015168981639201995,0.24288107202682568,0.10603057757644734
ETHUSDT:short:50:1788429271.535756,ETHUSDT,short,50,56,1788429271.5357563,2026-09-03T09:54:31.535756+00:00,2026-09-03,2394.51,7ee6015ce024a4680b09979f2d876c2b1c4fd0158afaf271c1f8bf1f24ebdb6c,15,0.009880434828011375,1788430177.601114,15.101089294751485,60.45003890991211,0.1369800084359718,-0.0,True,,0.023810120554412784,-0.044248341730779295,-0.32883646005468226,-0.30393744717523985,-0.5137114989062846,-0.3081681296271951,-0.23693313202211488,-0.03970690798400511,0.16730199068190585,0.03009316514139593
ETHUSDT:short:50:1788473699.103550,ETHUSDT,short,50,54,1788473699.10355,2026-09-03T22:14:59.103550+00:00,2026-09-03,2503.37,e6c8f79ed421fb5178afef99199c4ec280f44e5879b6dd086a85d825ac33136e,15,0.2534965266820267,1788474631.625255,15.542028419176738,62.3622989654541,0.39027391076827955,-0.07110415160365147,True,,-0.06706452965011822,-0.2526188284702302,-0.30902422415407527,-0.1726681819994358,-0.6803792035432271,-0.5188167532982141,-0.48301409958184216,-0.19306611144821462,0.08691756272401881,0.01319116527037297
ETHUSDT:short:50:1788525137.010039,ETHUSDT,short,50,54,1788525137.0100386,2026-09-04T12:32:17.010039+00:00,2026-09-04,2446.27,d95566ea54ec5a5974d2d554e596b05282b501a8dd8850283fac227b0ab6340c,15,0.04228789136112365,1788526089.6986396,15.878143350283304,63.8518590927124,0.42554583099984056,-0.8388280933829817,True,,-3.0907700779228997,-2.98392629813089,-3.0834752981260594,-2.7842135173049565,-0.35208342235167395,-0.24915700366125024,-0.25069778978158874,-2.7017982480602942,0.5684756409319992,0.1818795430944974
ETHUSDT:short:50:1788583895.108819,ETHUSDT,short,50,56,1788583895.1088192,2026-09-05T04:51:35.108819+00:00,2026-09-05,2448.6,e38462be9d119a1ab4c47c91561aeee50e80dfe613d58c968ad8548e8261d16a,15,0.01354569958343721,1788584832.9457033,15.630614733695984,62.8948757648468,0.1547823245936386,-0.04778240627296704,True,,-0.015108392507867663,-0.03959878672584738,-0.15291455134870402,-0.1834413599119511,-0.7537957792039877,-0.5439477063621903,-0.5202217397023325,-0.04883069457175537,0.20706791827715706,0.0443874531465752
ETHUSDT:short:50:1788616619.057452,ETHUSDT,short,50,54,1788616619.0574522,2026-09-05T13:56:59.057452+00:00,2026-09-05,2451.49,6ff46059ea077e037977901b85b18b1bae1a9652ac592cf98f47283e65b61281,15,-0.2338083369705889,1788617539.4090266,15.339192907015482,61.49972748756409,-0.0,-0.14440197594118853,True,,0.08450980232053151,-0.16981178176131984,-0.26647247400368723,-0.24333969488945506,-0.7783870432227655,-0.19095812907213905,-0.4976354793611493,0.01243361283222999,0.13986760623532063,0.05404916847433139
ETHUSDT:short:50:1788679998.591564,ETHUSDT,short,50,50,1788679998.5915637,2026-09-06T07:33:18.591564+00:00,2026-09-06,2492.9,98d2b2613ee25b92db7535347592cbccab2cc929813b27d3706ee2a08785e035,15,-0.18658911308115023,1788680918.5863545,15.333246513207753,61.40980863571167,0.05656063219544594,-0.09988366962172535,True,,-0.10378723216681873,-0.08416833667334034,-0.5544917823520068,-0.369682073416866,-0.34384311260491673,-0.4283888554226593,-0.20946326898677167,-0.030939939956964313,0.23687798227674647,0.04402036834340625
ETHUSDT:short:50:1788700887.492880,ETHUSDT,short,50,50,1788700887.4928796,2026-09-06T13:21:27.492880+00:00,2026-09-06,2491.52,dc27c89d52c05dbbec199e3814fe88e8e82af0101c00529f08dcf9a17744a37d,15,-0.07464615977395217,1788701811.0601892,15.39278849363327,61.75263023376465,0.22115014127921384,-0.051374261494996354,True,,-0.10144143060484279,-0.2358443347307726,-0.41568075717849373,-0.366300366300365,-0.2710564659665041,-0.1275976233303585,-0.2941412984889394,-0.11311551318634594,0.2171189979123147,0.058567774936060926
ETHUSDT:short:50:1788429271.535756,ETHUSDT,short,50,56,1788429271.5357563,2026-09-03T09:54:31.535756+00:00,2026-09-03,2394.51,7ee6015ce024a4680b09979f2d876c2b1c4fd0158afaf271c1f8bf1f24ebdb6c,30,-0.15758597792449247,1788431083.814768,30.20465019543966,60.45003890991211,0.22802159940864541,-0.11735177551983611,True,,0.023810120554412784,-0.044248341730779295,-0.32883646005468226,-0.30393744717523985,-0.5137114989062846,-0.3081681296271951,-0.23693313202211488,-0.03970690798400511,0.16730199068190585,0.03009316514139593
ETHUSDT:short:50:1788473699.103550,ETHUSDT,short,50,54,1788473699.10355,2026-09-03T22:14:59.103550+00:00,2026-09-03,2503.37,e6c8f79ed421fb5178afef99199c4ec280f44e5879b6dd086a85d825ac33136e,30,0.168011760147322,1788475500.5862327,30.024711378415425,62.3622989654541,0.5181015990444848,-0.07110415160365147,True,,-0.06706452965011822,-0.2526188284702302,-0.30902422415407527,-0.1726681819994358,-0.6803792035432271,-0.5188167532982141,-0.48301409958184216,-0.19306611144821462,0.08691756272401881,0.01319116527037297
ETHUSDT:short:50:1788525137.010039,ETHUSDT,short,50,54,1788525137.0100386,2026-09-04T12:32:17.010039+00:00,2026-09-04,2446.27,d95566ea54ec5a5974d2d554e596b05282b501a8dd8850283fac227b0ab6340c,30,-0.34687601940913904,1788526974.2513201,30.620688025156657,63.8518590927124,0.42554583099984056,-0.8388280933829817,True,,-3.0907700779228997,-2.98392629813089,-3.0834752981260594,-2.7842135173049565,-0.35208342235167395,-0.24915700366125024,-0.25069778978158874,-2.7017982480602942,0.5684756409319992,0.1818795430944974
ETHUSDT:short:50:1788583895.108819,ETHUSDT,short,50,56,1788583895.1088192,2026-09-05T04:51:35.108819+00:00,2026-09-05,2448.6,e38462be9d119a1ab4c47c91561aeee50e80dfe613d58c968ad8548e8261d16a,30,-0.11632443028670936,1788585706.2897184,30.18634831905365,62.8948757648468,0.16131667075062195,-0.0498243894470507,True,,-0.015108392507867663,-0.03959878672584738,-0.15291455134870402,-0.1834413599119511,-0.7537957792039877,-0.5439477063621903,-0.5202217397023325,-0.04883069457175537,0.20706791827715706,0.0443874531465752
ETHUSDT:short:50:1788616619.057452,ETHUSDT,short,50,54,1788616619.0574522,2026-09-05T13:56:59.057452+00:00,2026-09-05,2451.49,6ff46059ea077e037977901b85b18b1bae1a9652ac592cf98f47283e65b61281,30,-0.2921402086078294,1788618457.7891366,30.64552807410558,61.49972748756409,-0.0,-0.17214020860782941,True,,0.08450980232053151,-0.16981178176131984,-0.26647247400368723,-0.24333969488945506,-0.7783870432227655,-0.19095812907213905,-0.4976354793611493,0.01243361283222999,0.13986760623532063,0.05404916847433139
ETHUSDT:short:50:1788679998.591564,ETHUSDT,short,50,50,1788679998.5915637,2026-09-06T07:33:18.591564+00:00,2026-09-06,2492.9,98d2b2613ee25b92db7535347592cbccab2cc929813b27d3706ee2a08785e035,30,-0.18137430302057822,1788681839.1585524,30.676116478443145,61.46153473854065,0.05656063219544594,-0.14561354246058755,True,,-0.10378723216681873,-0.08416833667334034,-0.5544917823520068,-0.369682073416866,-0.34384311260491673,-0.4283888554226593,-0.20946326898677167,-0.030939939956964313,0.23687798227674647,0.04402036834340625
ETHUSDT:short:50:1788700887.492880,ETHUSDT,short,50,50,1788700887.4928796,2026-09-06T13:21:27.492880+00:00,2026-09-06,2491.52,dc27c89d52c05dbbec199e3814fe88e8e82af0101c00529f08dcf9a17744a37d,30,-0.18301374261494796,1788702734.6893363,30.786607611179353,61.75263023376465,0.22115014127921384,-0.06702735679424698,True,,-0.10144143060484279,-0.2358443347307726,-0.41568075717849373,-0.366300366300365,-0.2710564659665041,-0.1275976233303585,-0.2941412984889394,-0.11311551318634594,0.2171189979123147,0.058567774936060926
ETHUSDT:short:50:1788429271.535756,ETHUSDT,short,50,56,1788429271.5357563,2026-09-03T09:54:31.535756+00:00,2026-09-03,2394.51,7ee6015ce024a4680b09979f2d876c2b1c4fd0158afaf271c1f8bf1f24ebdb6c,60,-0.12375859779244702,1788432896.5855234,60.41749611695607,60.50452995300293,0.22802159940864541,-0.11735177551983611,True,,0.023810120554412784,-0.044248341730779295,-0.32883646005468226,-0.30393744717523985,-0.5137114989062846,-0.3081681296271951,-0.23693313202211488,-0.03970690798400511,0.16730199068190585,0.03009316514139593
ETHUSDT:short:50:1788473699.103550,ETHUSDT,short,50,54,1788473699.10355,2026-09-03T22:14:59.103550+00:00,2026-09-03,2503.37,e6c8f79ed421fb5178afef99199c4ec280f44e5879b6dd086a85d825ac33136e,60,0.17919668287148316,1788477300.4892807,60.023095512390135,62.3622989654541,0.5181015990444848,-0.07110415160365147,True,,-0.06706452965011822,-0.2526188284702302,-0.30902422415407527,-0.1726681819994358,-0.6803792035432271,-0.5188167532982141,-0.48301409958184216,-0.19306611144821462,0.08691756272401881,0.01319116527037297
ETHUSDT:short:50:1788525137.010039,ETHUSDT,short,50,54,1788525137.0100386,2026-09-04T12:32:17.010039+00:00,2026-09-04,2446.27,d95566ea54ec5a5974d2d554e596b05282b501a8dd8850283fac227b0ab6340c,60,-0.45520420885673196,1788528740.513775,60.058395608266196,63.8518590927124,0.42554583099984056,-0.8388280933829817,True,,-3.0907700779228997,-2.98392629813089,-3.0834752981260594,-2.7842135173049565,-0.35208342235167395,-0.24915700366125024,-0.25069778978158874,-2.7017982480602942,0.5684756409319992,0.1818795430944974
ETHUSDT:short:50:1788583895.108819,ETHUSDT,short,50,56,1788583895.1088192,2026-09-05T04:51:35.108819+00:00,2026-09-05,2448.6,e38462be9d119a1ab4c47c91561aeee50e80dfe613d58c968ad8548e8261d16a,60,-0.162473250020425,1788587516.3166354,60.35346360206604,62.8948757648468,0.16131667075062195,-0.10005717552887816,True,,-0.015108392507867663,-0.03959878672584738,-0.15291455134870402,-0.1834413599119511,-0.7537957792039877,-0.5439477063621903,-0.5202217397023325,-0.04883069457175537,0.20706791827715706,0.0443874531465752
ETHUSDT:short:50:1788616619.057452,ETHUSDT,short,50,54,1788616619.0574522,2026-09-05T13:56:59.057452+00:00,2026-09-05,2451.49,6ff46059ea077e037977901b85b18b1bae1a9652ac592cf98f47283e65b61281,60,-0.3276288298137108,1788620232.1450527,60.218126674493156,61.49972748756409,-0.0,-0.22476126763724125,True,,0.08450980232053151,-0.16981178176131984,-0.26647247400368723,-0.24333969488945506,-0.7783870432227655,-0.19095812907213905,-0.4976354793611493,0.01243361283222999,0.13986760623532063,0.05404916847433139
ETHUSDT:short:50:1788679998.591564,ETHUSDT,short,50,50,1788679998.5915637,2026-09-06T07:33:18.591564+00:00,2026-09-06,2492.9,98d2b2613ee25b92db7535347592cbccab2cc929813b27d3706ee2a08785e035,60,-0.130429620121144,1788683618.897848,60.338438069820405,61.47404885292053,0.05656063219544594,-0.19415138994742787,True,,-0.10378723216681873,-0.08416833667334034,-0.5544917823520068,-0.369682073416866,-0.34384311260491673,-0.4283888554226593,-0.20946326898677167,-0.030939939956964313,0.23687798227674647,0.04402036834340625
ETHUSDT:short:50:1788700887.492880,ETHUSDT,short,50,50,1788700887.4928796,2026-09-06T13:21:27.492880+00:00,2026-09-06,2491.52,dc27c89d52c05dbbec199e3814fe88e8e82af0101c00529f08dcf9a17744a37d,60,0.3676541227844866,1788704519.9644048,60.54119208653768,61.75263023376465,0.4876541227844866,-0.12080978679682719,True,,-0.10144143060484279,-0.2358443347307726,-0.41568075717849373,-0.366300366300365,-0.2710564659665041,-0.1275976233303585,-0.2941412984889394,-0.11311551318634594,0.2171189979123147,0.058567774936060926
ETHUSDT:short:50:1788429271.535756,ETHUSDT,short,50,56,1788429271.5357563,2026-09-03T09:54:31.535756+00:00,2026-09-03,2394.51,7ee6015ce024a4680b09979f2d876c2b1c4fd0158afaf271c1f8bf1f24ebdb6c,240,-1.4279920317726758,1788443684.5390203,240.21672106583912,60.93970561027527,0.22802159940864541,-1.6763346154327952,True,,0.023810120554412784,-0.044248341730779295,-0.32883646005468226,-0.30393744717523985,-0.5137114989062846,-0.3081681296271951,-0.23693313202211488,-0.03970690798400511,0.16730199068190585,0.03009316514139593
ETHUSDT:short:50:1788473699.103550,ETHUSDT,short,50,54,1788473699.10355,2026-09-03T22:14:59.103550+00:00,2026-09-03,2503.37,e6c8f79ed421fb5178afef99199c4ec280f44e5879b6dd086a85d825ac33136e,240,-0.06846946316365832,1788488119.496514,240.33988273541132,63.423248291015625,0.5181015990444848,-0.42462760199251104,True,,-0.06706452965011822,-0.2526188284702302,-0.30902422415407527,-0.1726681819994358,-0.6803792035432271,-0.5188167532982141,-0.48301409958184216,-0.19306611144821462,0.08691756272401881,0.01319116527037297
ETHUSDT:short:50:1788525137.010039,ETHUSDT,short,50,54,1788525137.0100386,2026-09-04T12:32:17.010039+00:00,2026-09-04,2446.27,d95566ea54ec5a5974d2d554e596b05282b501a8dd8850283fac227b0ab6340c,240,-0.5896946780200051,1788539594.7104607,240.96167370080948,63.8518590927124,0.5052590270084756,-0.8388280933829817,True,,-3.0907700779228997,-2.98392629813089,-3.0834752981260594,-2.7842135173049565,-0.35208342235167395,-0.24915700366125024,-0.25069778978158874,-2.7017982480602942,0.5684756409319992,0.1818795430944974
ETHUSDT:short:50:1788583895.108819,ETHUSDT,short,50,56,1788583895.1088192,2026-09-05T04:51:35.108819+00:00,2026-09-05,2448.6,e38462be9d119a1ab4c47c91561aeee50e80dfe613d58c968ad8548e8261d16a,240,-0.3433929592420303,1788598355.6570413,241.0091370344162,62.8948757648468,0.16131667075062195,-0.38307604345340085,True,,-0.015108392507867663,-0.03959878672584738,-0.15291455134870402,-0.1834413599119511,-0.7537957792039877,-0.5439477063621903,-0.5202217397023325,-0.04883069457175537,0.20706791827715706,0.0443874531465752
ETHUSDT:short:50:1788616619.057452,ETHUSDT,short,50,54,1788616619.0574522,2026-09-05T13:56:59.057452+00:00,2026-09-05,2451.49,6ff46059ea077e037977901b85b18b1bae1a9652ac592cf98f47283e65b61281,240,-1.2246343244312863,1788631037.6536078,240.30993592739105,61.49972748756409,-0.0,-1.1723482453528389,True,,0.08450980232053151,-0.16981178176131984,-0.26647247400368723,-0.24333969488945506,-0.7783870432227655,-0.19095812907213905,-0.4976354793611493,0.01243361283222999,0.13986760623532063,0.05404916847433139
ETHUSDT:short:50:1788679998.591564,ETHUSDT,short,50,50,1788679998.5915637,2026-09-06T07:33:18.591564+00:00,2026-09-06,2492.9,98d2b2613ee25b92db7535347592cbccab2cc929813b27d3706ee2a08785e035,240,-0.43008062898632005,1788694431.0715306,240.54133278131485,61.63599514961243,0.07220506237716195,-0.4079586024309023,True,,-0.10378723216681873,-0.08416833667334034,-0.5544917823520068,-0.369682073416866,-0.34384311260491673,-0.4283888554226593,-0.20946326898677167,-0.030939939956964313,0.23687798227674647,0.04402036834340625
ETHUSDT:short:50:1788700887.492880,ETHUSDT,short,50,50,1788700887.4928796,2026-09-06T13:21:27.492880+00:00,2026-09-06,2491.52,dc27c89d52c05dbbec199e3814fe88e8e82af0101c00529f08dcf9a17744a37d,240,-0.020462368353448723,1788715319.9652672,240.54120645920435,61.941967248916626,0.8677433855638239,-0.12080978679682719,True,,-0.10144143060484279,-0.2358443347307726,-0.41568075717849373,-0.366300366300365,-0.2710564659665041,-0.1275976233303585,-0.2941412984889394,-0.11311551318634594,0.2171189979123147,0.058567774936060926
ETHUSDT:short:60:1788432171.325016,ETHUSDT,short,60,62,1788432171.3250155,2026-09-03T10:42:51.325016+00:00,2026-09-03,2389.29,bee0a292e67f6ff5ee53e0f700cb398e0cb4afd3a4f77a922a73e43437d7c536,15,-0.35186804448183107,1788433078.0099435,15.111415465672811,60.50452995300293,-0.0,-0.28962578841413844,True,,-0.04309046487500634,-0.2696441615360534,-0.2400794976284315,-0.7592717968740392,-0.8882939808130978,-0.5688923645457293,-0.5078566226393717,0.38444480254269386,0.09534073951251947,0.07125038977237398
ETHUSDT:short:60:1788584957.815997,ETHUSDT,short,60,71,1788584957.8159966,2026-09-05T05:09:17.815997+00:00,2026-09-05,2445.16,de5dd62decf72829f1eece6e2e56de42f71121745d0aee8101e89a0e682ab97d,15,-0.2459631271573136,1788585893.6815403,15.597759060064952,62.56722164154053,-0.0,-0.19058057550427332,True,,-0.022079568221777812,-0.18818093127110913,-0.19836572762671478,-0.34479666778066687,0.7670609086288895,0.1569008972473369,-0.2066088995363299,0.07340561903883547,0.23253588516744897,0.08487158908506925
ETHUSDT:short:60:1788432171.325016,ETHUSDT,short,60,62,1788432171.3250155,2026-09-03T10:42:51.325016+00:00,2026-09-03,2389.29,bee0a292e67f6ff5ee53e0f700cb398e0cb4afd3a4f77a922a73e43437d7c536,30,-0.502958954333712,1788433985.485896,30.236014676094054,60.56726622581482,-0.0,-0.40848955128931497,True,,-0.04309046487500634,-0.2696441615360534,-0.2400794976284315,-0.7592717968740392,-0.8882939808130978,-0.5688923645457293,-0.5078566226393717,0.38444480254269386,0.09534073951251947,0.07125038977237398
ETHUSDT:short:60:1788584957.815997,ETHUSDT,short,60,71,1788584957.8159966,2026-09-05T05:09:17.815997+00:00,2026-09-05,2445.16,de5dd62decf72829f1eece6e2e56de42f71121745d0aee8101e89a0e682ab97d,30,-0.2762269953704565,1788586767.9003067,30.168071834246316,62.643959045410156,-0.0,-0.1971241145773739,True,,-0.022079568221777812,-0.18818093127110913,-0.19836572762671478,-0.34479666778066687,0.7670609086288895,0.1569008972473369,-0.2066088995363299,0.07340561903883547,0.23253588516744897,0.08487158908506925
ETHUSDT:short:60:1788432171.325016,ETHUSDT,short,60,62,1788432171.3250155,2026-09-03T10:42:51.325016+00:00,2026-09-03,2389.29,bee0a292e67f6ff5ee53e0f700cb398e0cb4afd3a4f77a922a73e43437d7c536,60,-0.9026592837202551,1788435800.6431105,60.488634916146594,60.56726622581482,-0.0,-0.7826592837202551,True,,-0.04309046487500634,-0.2696441615360534,-0.2400794976284315,-0.7592717968740392,-0.8882939808130978,-0.5688923645457293,-0.5078566226393717,0.38444480254269386,0.09534073951251947,0.07125038977237398
ETHUSDT:short:60:1788584957.815997,ETHUSDT,short,60,71,1788584957.8159966,2026-09-05T05:09:17.815997+00:00,2026-09-05,2445.16,de5dd62decf72829f1eece6e2e56de42f71121745d0aee8101e89a0e682ab97d,60,-0.30485497881528534,1788588576.813353,60.31662260691325,62.643959045410156,-0.0,-0.24088403212878529,True,,-0.022079568221777812,-0.18818093127110913,-0.19836572762671478,-0.34479666778066687,0.7670609086288895,0.1569008972473369,-0.2066088995363299,0.07340561903883547,0.23253588516744897,0.08487158908506925
ETHUSDT:short:60:1788432171.325016,ETHUSDT,short,60,62,1788432171.3250155,2026-09-03T10:42:51.325016+00:00,2026-09-03,2389.29,bee0a292e67f6ff5ee53e0f700cb398e0cb4afd3a4f77a922a73e43437d7c536,240,-3.082386315600041,1788446610.7917542,240.65777897834778,61.176820039749146,-0.0,-3.0000544094689108,True,,-0.04309046487500634,-0.2696441615360534,-0.2400794976284315,-0.7592717968740392,-0.8882939808130978,-0.5688923645457293,-0.5078566226393717,0.38444480254269386,0.09534073951251947,0.07125038977237398
ETHUSDT:short:60:1788584957.815997,ETHUSDT,short,60,71,1788584957.8159966,2026-09-05T05:09:17.815997+00:00,2026-09-05,2445.16,de5dd62decf72829f1eece6e2e56de42f71121745d0aee8101e89a0e682ab97d,240,-0.604221891409975,1788599413.6963732,240.93133960962297,62.643959045410156,-0.0,-0.5243010682327576,True,,-0.022079568221777812,-0.18818093127110913,-0.19836572762671478,-0.34479666778066687,0.7670609086288895,0.1569008972473369,-0.2066088995363299,0.07340561903883547,0.23253588516744897,0.08487158908506925
ETHUSDT:short:70:1788584957.815997,ETHUSDT,short,70,71,1788584957.8159966,2026-09-05T05:09:17.815997+00:00,2026-09-05,2445.16,de5dd62decf72829f1eece6e2e56de42f71121745d0aee8101e89a0e682ab97d,15,-0.2459631271573136,1788585893.6815403,15.597759060064952,62.56722164154053,-0.0,-0.19058057550427332,True,,-0.022079568221777812,-0.18818093127110913,-0.19836572762671478,-0.34479666778066687,0.7670609086288895,0.1569008972473369,-0.2066088995363299,0.07340561903883547,0.23253588516744897,0.08487158908506925
ETHUSDT:short:70:1788584957.815997,ETHUSDT,short,70,71,1788584957.8159966,2026-09-05T05:09:17.815997+00:00,2026-09-05,2445.16,de5dd62decf72829f1eece6e2e56de42f71121745d0aee8101e89a0e682ab97d,30,-0.2762269953704565,1788586767.9003067,30.168071834246316,62.643959045410156,-0.0,-0.1971241145773739,True,,-0.022079568221777812,-0.18818093127110913,-0.19836572762671478,-0.34479666778066687,0.7670609086288895,0.1569008972473369,-0.2066088995363299,0.07340561903883547,0.23253588516744897,0.08487158908506925
ETHUSDT:short:70:1788584957.815997,ETHUSDT,short,70,71,1788584957.8159966,2026-09-05T05:09:17.815997+00:00,2026-09-05,2445.16,de5dd62decf72829f1eece6e2e56de42f71121745d0aee8101e89a0e682ab97d,60,-0.30485497881528534,1788588576.813353,60.31662260691325,62.643959045410156,-0.0,-0.24088403212878529,True,,-0.022079568221777812,-0.18818093127110913,-0.19836572762671478,-0.34479666778066687,0.7670609086288895,0.1569008972473369,-0.2066088995363299,0.07340561903883547,0.23253588516744897,0.08487158908506925
ETHUSDT:short:70:1788584957.815997,ETHUSDT,short,70,71,1788584957.8159966,2026-09-05T05:09:17.815997+00:00,2026-09-05,2445.16,de5dd62decf72829f1eece6e2e56de42f71121745d0aee8101e89a0e682ab97d,240,-0.604221891409975,1788599413.6963732,240.93133960962297,62.643959045410156,-0.0,-0.5243010682327576,True,,-0.022079568221777812,-0.18818093127110913,-0.19836572762671478,-0.34479666778066687,0.7670609086288895,0.1569008972473369,-0.2066088995363299,0.07340561903883547,0.23253588516744897,0.08487158908506925
SOLUSDT:long:50:1788445084.940653,SOLUSDT,long,50,50,1788445084.940653,2026-09-03T14:18:04.940653+00:00,2026-09-03,101.9,ddeab0c332b7e57a19a87a494b745e63c598425ed680bf8a266313d43074d8b3,15,0.969303238469097,1788445999.9101703,15.249491953849793,61.11507177352905,1.089303238469097,-0.1275760549558469,True,,0.30514814450242067,0.55259522399842,0.4930966469427922,1.798201798201804,0.2952866097691986,0.29332241700475203,0.27131622580362413,-0.01767300880005651,0.10917030567685491,0.11984021304926763
SOLUSDT:long:50:1788464533.820471,SOLUSDT,long,50,56,1788464533.820471,2026-09-03T19:42:13.820471+00:00,2026-09-03,105.41,c5967a0e97baf1d9e1f520afcc8ad2a8ce2062f9a8cf401d954d0175315fe070,15,-0.46152357461341154,1788465460.8432791,15.45038013458252,61.97483491897583,0.0,-0.34152357461341154,True,,0.1234802431610893,0.02846840007590945,0.5820610687022887,0.841863579833535,0.10290665082099208,0.7021796132437299,0.43282102178323617,0.4230260030762212,0.17784256559766787,0.054054054054054244
SOLUSDT:long:50:1788496156.387563,SOLUSDT,long,50,50,1788496156.3875628,2026-09-04T04:29:16.387563+00:00,2026-09-04,104.2,c13ef9383f458750c1e5e1181b5b6c43dd24d44b341027a2d85f77ba8d2a56cf,15,-0.4750863723608466,1788497090.5428813,15.569255308310192,62.38035345077515,0.057581573896348104,-0.3646833013435824,True,,0.18267474281319362,0.45309939265401056,0.3660181082643099,0.6082842521965892,0.2752359967407461,0.5506640590928961,0.31124579834776656,-0.06581993872971648,0.21839080459770735,0.054925893635572376
SOLUSDT:long:50:1788512428.129730,SOLUSDT,long,50,52,1788512428.1297305,2026-09-04T09:00:28.129730+00:00,2026-09-04,104.25,9505698fbf3ed34615b0fa4ea397d9c87bf094fd5072ac4faf01a4fdcd7ff863,15,-0.10081534772182976,1788513365.1528199,15.617051490147908,62.594512939453125,0.20143884892085406,-0.13429256594724714,True,,-0.057520851308601184,0.4045073678127675,0.7246376811594235,0.5788712011577379,0.3214870607552941,0.33043100417547366,0.2724460347994225,0.05883255312728597,0.2707581227436869,0.05565862708719857
SOLUSDT:long:50:1788539783.735051,SOLUSDT,long,50,50,1788539783.7350512,2026-09-04T16:36:23.735051+00:00,2026-09-04,101.89,bf68b6d8a6f3aa76102ed9c793056283fae58bb7b33ef3b19a53e939f5d520f8,15,-0.07092747080185358,1788540726.9731739,15.720635378360749,63.08893656730652,0.04907252919814642,-0.09814505839630394,True,,0.11791294094527505,0.2262443438914019,0.5228887134964388,0.25582997146511577,0.19323537602072619,0.3681768647778974,0.32897613675221793,-0.04215567919277907,0.19272727272727114,0.012416427889207512
SOLUSDT:long:50:1788570640.037419,SOLUSDT,long,50,54,1788570640.0374188,2026-09-05T01:10:40.037419+00:00,2026-09-05,101.93,49dbe2ee2e24ce6a6611c4ad7ef48cd1023e1e7fe549e3a66eb41943a9a09ee8,15,-0.24753850681841427,1788571577.8687935,15.630522910753886,62.650590658187866,0.009810654370645544,-0.14715981555970536,True,,0.1473766948320021,0.11786661428150325,0.09820288716488879,0.27545499262173756,0.5091051755583109,0.28675750823903706,0.4656247142495305,0.002985108190611818,0.05102040816327056,0.04081632653061318
SOLUSDT:long:50:1788591320.377654,SOLUSDT,long,50,58,1788591320.377654,2026-09-05T06:55:20.377654+00:00,2026-09-05,102.14,f403fe11ce1b42566fc2c059fcf57be5714c4930c81184ed1c2306cf18ca2bec,15,-0.06125709810064428,1788592254.8898463,15.575203204154969,62.44454026222229,0.21539064029763022,0.0,True,,0.009791442279460938,0.0489763933783971,0.3142801021410513,0.2748870999411013,0.6609839363400591,0.24797883379339528,0.24465299986508982,0.0026330505719984743,0.1904761904761957,0.04530744336569551
SOLUSDT:long:50:1788611757.177222,SOLUSDT,long,50,54,1788611757.1772223,2026-09-05T12:35:57.177222+00:00,2026-09-05,102.55,050da0cd01f3e57dadca9fc130feeb98ffb5a8199c22983882e109ea45016a43,15,0.23104826913701093,1788612682.8253813,15.427469317118327,61.83169436454773,0.4290589956118973,0.0,True,,0.20519835841312783,0.24437927663734094,0.3228331050675104,0.37192913771164626,0.8948757740604322,0.7643850682058079,0.5779104892138927,-0.1877776617086102,0.2129032258064587,0.059748427672954595
SOLUSDT:long:50:1788626764.103120,SOLUSDT,long,50,51,1788626764.10312,2026-09-05T16:46:04.103120+00:00,2026-09-05,103.16,5e4395525f4fa0909dd950ceccbb5889d926d0cf065658799f982d2f5a20eed9,15,0.03509887553315505,1788627679.4423969,15.255654613176981,61.23464488983154,0.2520356727413686,-0.10663047692903715,True,,0.06790183334950406,-0.05812826971517415,0.3892565200467102,0.32091802003306746,0.6621749533957166,0.28936357483853276,0.33291598842804526,0.08660936611153414,0.1599999999999975,0.032132424537488206
SOLUSDT:long:50:1788659545.174025,SOLUSDT,long,50,50,1788659545.1740248,2026-09-06T01:52:25.174025+00:00,2026-09-06,104.04,4dc4fdaec329bd26e69ae8b3fe6106d6ec32cce4dca9bd3ce570658c096d37da,15,0.02417531718569077,1788660461.9943583,15.280338891347249,61.25458550453186,0.14417531718569077,-0.1826220684352342,True,,0.2505299672383998,0.3278688524590123,0.677375653183665,0.28918449971082616,0.6655620423713289,0.4400332412458888,0.4818454333867919,-0.2950987831153773,0.23809523809523808,0.03303964757709423
SOLUSDT:long:50:1788686934.949801,SOLUSDT,long,50,56,1788686934.949801,2026-09-06T09:28:54.949801+00:00,2026-09-06,106.79,f0c326d0af2d4aca7c0c089447b9aed673cba655115808051037cef0a16eac41,15,-0.6256653244685849,1788687856.866216,15.365273582935334,61.629355669021606,0.33711021631239735,-0.5056653244685849,True,,0.5176957831325435,1.088602801968963,1.598325563695191,0.669306184012064,0.5303713956161891,0.48313505317599675,0.44554218681144286,0.8344127773749932,0.4772727272727394,0.05399239543726306
SOLUSDT:long:50:1788703289.243687,SOLUSDT,long,50,56,1788703289.2436872,2026-09-06T14:01:29.243687+00:00,2026-09-06,106.95,8519458569432cb31deae21408b7e65bd512200195ca9db4352d848a3eec5fd0,15,-0.830612435717628,1788704212.2596874,15.383600004514058,61.68158221244812,0.0,-0.710612435717628,True,,0.08422234699607678,0.29069767441860517,0.27189199324957336,0.5641748942172065,0.2556136378946096,0.4144408766690492,0.38201578604167424,0.2203822427806923,0.07231920199501445,0.041095890410959623
SOLUSDT:long:50:1788719513.840312,SOLUSDT,long,50,56,1788719513.8403125,2026-09-06T18:31:53.840312+00:00,2026-09-06,106.49,b1d5095713f7a8083e944a610de836be609c2101838e5b990dc9031c53325834,15,-0.6270898675931912,1788720439.033689,15.419889609018961,61.790026903152466,0.009390553103583166,-0.5070898675931912,True,,0.17873941674506622,0.1504749365183855,0.5286509959407049,0.8810155361879346,0.7158215833400684,0.4726122434841077,0.23750238907816748,-0.00952689189301914,0.20740740740740277,0.05838041431261747
SOLUSDT:long:50:1788737034.240638,SOLUSDT,long,50,58,1788737034.240638,2026-09-06T23:23:54.240638+00:00,2026-09-06,106.32,eb878335b68723287d468891a115e81c75fa4a571883c4b0cd5decf57b96978e,15,0.17157261098571308,1788737961.5909874,15.455839157104492,61.94585037231445,0.2915726109857131,-0.06583897667418181,True,,-0.04700573469964553,0.33028215532697747,1.0742466013879515,0.6722848215131139,0.6646131090651415,0.23116825778325892,0.1880754099525949,0.047628763551110787,0.3393393393393425,0.061900610287707214
SOLUSDT:long:50:1788445084.940653,SOLUSDT,long,50,50,1788445084.940653,2026-09-03T14:18:04.940653+00:00,2026-09-03,101.9,ddeab0c332b7e57a19a87a494b745e63c598425ed680bf8a266313d43074d8b3,30,1.2342688910696653,1788446916.3571496,30.523608275254567,61.18812966346741,1.3542688910696654,-0.1275760549558469,True,,0.30514814450242067,0.55259522399842,0.4930966469427922,1.798201798201804,0.2952866097691986,0.29332241700475203,0.27131622580362413,-0.01767300880005651,0.10917030567685491,0.11984021304926763
SOLUSDT:long:50:1788464533.820471,SOLUSDT,long,50,56,1788464533.820471,2026-09-03T19:42:13.820471+00:00,2026-09-03,105.41,c5967a0e97baf1d9e1f520afcc8ad2a8ce2062f9a8cf401d954d0175315fe070,30,-0.29076178730669466,1788466389.3567894,30.92560530503591,62.05690288543701,0.0,-0.5502324257660507,True,,0.1234802431610893,0.02846840007590945,0.5820610687022887,0.841863579833535,0.10290665082099208,0.7021796132437299,0.43282102178323617,0.4230260030762212,0.17784256559766787,0.054054054054054244
SOLUSDT:long:50:1788496156.387563,SOLUSDT,long,50,50,1788496156.3875628,2026-09-04T04:29:16.387563+00:00,2026-09-04,104.2,c13ef9383f458750c1e5e1181b5b6c43dd24d44b341027a2d85f77ba8d2a56cf,30,-0.45589251439539724,1788497963.1097834,30.1120370109876,62.49204730987549,0.057581573896348104,-0.4126679462572058,True,,0.18267474281319362,0.45309939265401056,0.3660181082643099,0.6082842521965892,0.2752359967407461,0.5506640590928961,0.31124579834776656,-0.06581993872971648,0.21839080459770735,0.054925893635572376
SOLUSDT:long:50:1788512428.129730,SOLUSDT,long,50,52,1788512428.1297305,2026-09-04T09:00:28.129730+00:00,2026-09-04,104.25,9505698fbf3ed34615b0fa4ea397d9c87bf094fd5072ac4faf01a4fdcd7ff863,30,-0.2926618705035987,1788514240.351394,30.20369439125061,62.66359567642212,0.4412470023980708,-0.2877697841726645,True,,-0.057520851308601184,0.4045073678127675,0.7246376811594235,0.5788712011577379,0.3214870607552941,0.33043100417547366,0.2724460347994225,0.05883255312728597,0.2707581227436869,0.05565862708719857
SOLUSDT:long:50:1788539783.735051,SOLUSDT,long,50,50,1788539783.7350512,2026-09-04T16:36:23.735051+00:00,2026-09-04,101.89,bf68b6d8a6f3aa76102ed9c793056283fae58bb7b33ef3b19a53e939f5d520f8,30,-0.38499165767003285,1788541607.3623462,30.393788250287376,63.096784353256226,0.04907252919814642,-0.30424968102856775,True,,0.11791294094527505,0.2262443438914019,0.5228887134964388,0.25582997146511577,0.19323537602072619,0.3681768647778974,0.32897613675221793,-0.04215567919277907,0.19272727272727114,0.012416427889207512
SOLUSDT:long:50:1788570640.037419,SOLUSDT,long,50,54,1788570640.0374188,2026-09-05T01:10:40.037419+00:00,2026-09-05,101.93,49dbe2ee2e24ce6a6611c4ad7ef48cd1023e1e7fe549e3a66eb41943a9a09ee8,30,0.0565917786716198,1788572452.6794407,30.210700364907584,62.650590658187866,0.1765917786716198,-0.14715981555970536,True,,0.1473766948320021,0.11786661428150325,0.09820288716488879,0.27545499262173756,0.5091051755583109,0.28675750823903706,0.4656247142495305,0.002985108190611818,0.05102040816327056,0.04081632653061318
SOLUSDT:long:50:1788591320.377654,SOLUSDT,long,50,58,1788591320.377654,2026-09-05T06:55:20.377654+00:00,2026-09-05,102.14,f403fe11ce1b42566fc2c059fcf57be5714c4930c81184ed1c2306cf18ca2bec,30,0.1345525748972155,1788593126.683863,30.105103480815888,62.44454026222229,0.28392402584689336,0.0,True,,0.009791442279460938,0.0489763933783971,0.3142801021410513,0.2748870999411013,0.6609839363400591,0.24797883379339528,0.24465299986508982,0.0026330505719984743,0.1904761904761957,0.04530744336569551
SOLUSDT:long:50:1788611757.177222,SOLUSDT,long,50,54,1788611757.1772223,2026-09-05T12:35:57.177222+00:00,2026-09-05,102.55,050da0cd01f3e57dadca9fc130feeb98ffb5a8199c22983882e109ea45016a43,30,0.4943344709897747,1788613606.4601653,30.821382383505505,61.83169436454773,0.6630911750365787,0.0,True,,0.20519835841312783,0.24437927663734094,0.3228331050675104,0.37192913771164626,0.8948757740604322,0.7643850682058079,0.5779104892138927,-0.1877776617086102,0.2129032258064587,0.059748427672954595
SOLUSDT:long:50:1788626764.103120,SOLUSDT,long,50,51,1788626764.10312,2026-09-05T16:46:04.103120+00:00,2026-09-05,103.16,5e4395525f4fa0909dd950ceccbb5889d926d0cf065658799f982d2f5a20eed9,30,0.5197828615742451,1788628595.2593298,30.51927016178767,61.23464488983154,0.7270259790616462,-0.10663047692903715,True,,0.06790183334950406,-0.05812826971517415,0.3892565200467102,0.32091802003306746,0.6621749533957166,0.28936357483853276,0.33291598842804526,0.08660936611153414,0.1599999999999975,0.032132424537488206
SOLUSDT:long:50:1788659545.174025,SOLUSDT,long,50,50,1788659545.1740248,2026-09-06T01:52:25.174025+00:00,2026-09-06,104.04,4dc4fdaec329bd26e69ae8b3fe6106d6ec32cce4dca9bd3ce570658c096d37da,30,-0.21611687812380864,1788661379.0880332,30.565233472983042,61.25458550453186,0.1922337562475951,-0.1826220684352342,True,,0.2505299672383998,0.3278688524590123,0.677375653183665,0.28918449971082616,0.6655620423713289,0.4400332412458888,0.4818454333867919,-0.2950987831153773,0.23809523809523808,0.03303964757709423
SOLUSDT:long:50:1788686934.949801,SOLUSDT,long,50,56,1788686934.949801,2026-09-06T09:28:54.949801+00:00,2026-09-06,106.79,f0c326d0af2d4aca7c0c089447b9aed673cba655115808051037cef0a16eac41,30,-0.43838187096170367,1788688777.8559184,30.715101957321167,61.629355669021606,0.33711021631239735,-0.5712145331959961,True,,0.5176957831325435,1.088602801968963,1.598325563695191,0.669306184012064,0.5303713956161891,0.48313505317599675,0.44554218681144286,0.8344127773749932,0.4772727272727394,0.05399239543726306
SOLUSDT:long:50:1788703289.243687,SOLUSDT,long,50,56,1788703289.2436872,2026-09-06T14:01:29.243687+00:00,2026-09-06,106.95,8519458569432cb31deae21408b7e65bd512200195ca9db4352d848a3eec5fd0,30,-1.4196727442730284,1788705136.6928773,30.79081983566284,61.78071403503418,0.0,-1.2996727442730283,True,,0.08422234699607678,0.29069767441860517,0.27189199324957336,0.5641748942172065,0.2556136378946096,0.4144408766690492,0.38201578604167424,0.2203822427806923,0.07231920199501445,0.041095890410959623
SOLUSDT:long:50:1788719513.840312,SOLUSDT,long,50,56,1788719513.8403125,2026-09-06T18:31:53.840312+00:00,2026-09-06,106.49,b1d5095713f7a8083e944a610de836be609c2101838e5b990dc9031c53325834,30,-0.7022142924218121,1788721364.6152675,30.84624925057093,61.86439347267151,0.009390553103583166,-0.657338717250433,True,,0.17873941674506622,0.1504749365183855,0.5286509959407049,0.8810155361879346,0.7158215833400684,0.4726122434841077,0.23750238907816748,-0.00952689189301914,0.20740740740740277,0.05838041431261747
SOLUSDT:long:50:1788737034.240638,SOLUSDT,long,50,58,1788737034.240638,2026-09-06T23:23:54.240638+00:00,2026-09-06,106.32,eb878335b68723287d468891a115e81c75fa4a571883c4b0cd5decf57b96978e,30,0.12454477050415147,1788738889.1959658,30.915922129154204,61.96633219718933,0.3291948833709535,-0.06583897667418181,True,,-0.04700573469964553,0.33028215532697747,1.0742466013879515,0.6722848215131139,0.6646131090651415,0.23116825778325892,0.1880754099525949,0.047628763551110787,0.3393393393393425,0.061900610287707214
SOLUSDT:long:50:1788445084.940653,SOLUSDT,long,50,50,1788445084.940653,2026-09-03T14:18:04.940653+00:00,2026-09-03,101.9,ddeab0c332b7e57a19a87a494b745e63c598425ed680bf8a266313d43074d8b3,60,2.2254367026496613,1788448695.77991,60.18065428336461,61.593820095062256,3.454367026496552,-0.1275760549558469,True,,0.30514814450242067,0.55259522399842,0.4930966469427922,1.798201798201804,0.2952866097691986,0.29332241700475203,0.27131622580362413,-0.01767300880005651,0.10917030567685491,0.11984021304926763
SOLUSDT:long:50:1788464533.820471,SOLUSDT,long,50,56,1788464533.820471,2026-09-03T19:42:13.820471+00:00,2026-09-03,105.41,c5967a0e97baf1d9e1f520afcc8ad2a8ce2062f9a8cf401d954d0175315fe070,60,-0.5374177023052783,1788468183.9981647,60.83629489342372,62.05690288543701,0.0,-0.5502324257660507,True,,0.1234802431610893,0.02846840007590945,0.5820610687022887,0.841863579833535,0.10290665082099208,0.7021796132437299,0.43282102178323617,0.4230260030762212,0.17784256559766787,0.054054054054054244
SOLUSDT:long:50:1788496156.387563,SOLUSDT,long,50,50,1788496156.3875628,2026-09-04T04:29:16.387563+00:00,2026-09-04,104.2,c13ef9383f458750c1e5e1181b5b6c43dd24d44b341027a2d85f77ba8d2a56cf,60,-0.6286372360844527,1788499770.0465658,60.22765005032222,62.6684045791626,0.057581573896348104,-0.5374280230326267,True,,0.18267474281319362,0.45309939265401056,0.3660181082643099,0.6082842521965892,0.2752359967407461,0.5506640590928961,0.31124579834776656,-0.06581993872971648,0.21839080459770735,0.054925893635572376
SOLUSDT:long:50:1788512428.129730,SOLUSDT,long,50,52,1788512428.1297305,2026-09-04T09:00:28.129730+00:00,2026-09-04,104.25,9505698fbf3ed34615b0fa4ea397d9c87bf094fd5072ac4faf01a4fdcd7ff863,60,-0.43654676258993097,1788516054.4369464,60.43845359881719,62.74615120887756,0.4412470023980708,-0.316546762589931,True,,-0.057520851308601184,0.4045073678127675,0.7246376811594235,0.5788712011577379,0.3214870607552941,0.33043100417547366,0.2724460347994225,0.05883255312728597,0.2707581227436869,0.05565862708719857
SOLUSDT:long:50:1788539783.735051,SOLUSDT,long,50,50,1788539783.7350512,2026-09-04T16:36:23.735051+00:00,2026-09-04,101.89,bf68b6d8a6f3aa76102ed9c793056283fae58bb7b33ef3b19a53e939f5d520f8,60,-0.6892413386985895,1788543430.378952,60.777398347854614,63.19980311393738,0.04907252919814642,-0.5692413386985895,True,,0.11791294094527505,0.2262443438914019,0.5228887134964388,0.25582997146511577,0.19323537602072619,0.3681768647778974,0.32897613675221793,-0.04215567919277907,0.19272727272727114,0.012416427889207512
SOLUSDT:long:50:1788570640.037419,SOLUSDT,long,50,54,1788570640.0374188,2026-09-05T01:10:40.037419+00:00,2026-09-05,101.93,49dbe2ee2e24ce6a6611c4ad7ef48cd1023e1e7fe549e3a66eb41943a9a09ee8,60,-0.22791719807712318,1788574266.1030717,60.43442754745483,62.73128914833069,0.1765917786716198,-0.23545570489552636,True,,0.1473766948320021,0.11786661428150325,0.09820288716488879,0.27545499262173756,0.5091051755583109,0.28675750823903706,0.4656247142495305,0.002985108190611818,0.05102040816327056,0.04081632653061318
SOLUSDT:long:50:1788591320.377654,SOLUSDT,long,50,58,1788591320.377654,2026-09-05T06:55:20.377654+00:00,2026-09-05,102.14,f403fe11ce1b42566fc2c059fcf57be5714c4930c81184ed1c2306cf18ca2bec,60,-0.10041903270022956,1788594932.6022785,60.20374373992284,62.44454026222229,0.4014098296455826,0.0,True,,0.009791442279460938,0.0489763933783971,0.3142801021410513,0.2748870999411013,0.6609839363400591,0.24797883379339528,0.24465299986508982,0.0026330505719984743,0.1904761904761957,0.04530744336569551
SOLUSDT:long:50:1788611757.177222,SOLUSDT,long,50,54,1788611757.1772223,2026-09-05T12:35:57.177222+00:00,2026-09-05,102.55,050da0cd01f3e57dadca9fc130feeb98ffb5a8199c22983882e109ea45016a43,60,0.3285616772306189,1788615390.919232,60.562366827329,61.83169436454773,0.789858605558269,0.0,True,,0.20519835841312783,0.24437927663734094,0.3228331050675104,0.37192913771164626,0.8948757740604322,0.7643850682058079,0.5779104892138927,-0.1877776617086102,0.2129032258064587,0.059748427672954595
SOLUSDT:long:50:1788626764.103120,SOLUSDT,long,50,51,1788626764.10312,2026-09-05T16:46:04.103120+00:00,2026-09-05,103.16,5e4395525f4fa0909dd950ceccbb5889d926d0cf065658799f982d2f5a20eed9,60,0.37437766576192477,1788630366.31114,60.036800332864125,61.23464488983154,0.998449011244662,-0.10663047692903715,True,,0.06790183334950406,-0.05812826971517415,0.3892565200467102,0.32091802003306746,0.6621749533957166,0.28936357483853276,0.33291598842804526,0.08660936611153414,0.1599999999999975,0.032132424537488206
SOLUSDT:long:50:1788659545.174025,SOLUSDT,long,50,50,1788659545.1740248,2026-09-06T01:52:25.174025+00:00,2026-09-06,104.04,4dc4fdaec329bd26e69ae8b3fe6106d6ec32cce4dca9bd3ce570658c096d37da,60,0.17796232218375352,1788663152.0222034,60.114136310418445,61.30888342857361,0.6151480199923176,-0.1826220684352342,True,,0.2505299672383998,0.3278688524590123,0.677375653183665,0.28918449971082616,0.6655620423713289,0.4400332412458888,0.4818454333867919,-0.2950987831153773,0.23809523809523808,0.03303964757709423
SOLUSDT:long:50:1788686934.949801,SOLUSDT,long,50,56,1788686934.949801,2026-09-06T09:28:54.949801+00:00,2026-09-06,106.79,f0c326d0af2d4aca7c0c089447b9aed673cba655115808051037cef0a16eac41,60,-0.2698267628055161,1788690560.0124629,60.41771103143692,61.629355669021606,0.33711021631239735,-0.5712145331959961,True,,0.5176957831325435,1.088602801968963,1.598325563695191,0.669306184012064,0.5303713956161891,0.48313505317599675,0.44554218681144286,0.8344127773749932,0.4772727272727394,0.05399239543726306
SOLUSDT:long:50:1788703289.243687,SOLUSDT,long,50,56,1788703289.2436872,2026-09-06T14:01:29.243687+00:00,2026-09-06,106.95,8519458569432cb31deae21408b7e65bd512200195ca9db4352d848a3eec5fd0,60,-1.8871809256662009,1788706926.0986984,60.614250187079115,61.947505474090576,0.0,-1.7671809256662008,True,,0.08422234699607678,0.29069767441860517,0.27189199324957336,0.5641748942172065,0.2556136378946096,0.4144408766690492,0.38201578604167424,0.2203822427806923,0.07231920199501445,0.041095890410959623
SOLUSDT:long:50:1788719513.840312,SOLUSDT,long,50,56,1788719513.8403125,2026-09-06T18:31:53.840312+00:00,2026-09-06,106.49,b1d5095713f7a8083e944a610de836be609c2101838e5b990dc9031c53325834,60,-0.9651497793219964,1788723153.8769007,60.66727646986644,61.86439347267151,0.009390553103583166,-0.8827119917363069,True,,0.17873941674506622,0.1504749365183855,0.5286509959407049,0.8810155361879346,0.7158215833400684,0.4726122434841077,0.23750238907816748,-0.00952689189301914,0.20740740740740277,0.05838041431261747
SOLUSDT:long:50:1788737034.240638,SOLUSDT,long,50,58,1788737034.240638,2026-09-06T23:23:54.240638+00:00,2026-09-06,106.32,eb878335b68723287d468891a115e81c75fa4a571883c4b0cd5decf57b96978e,60,-0.27989465763730503,1788740684.595377,60.83924564917882,62.12649583816528,0.3291948833709535,-0.3386004514672636,True,,-0.04700573469964553,0.33028215532697747,1.0742466013879515,0.6722848215131139,0.6646131090651415,0.23116825778325892,0.1880754099525949,0.047628763551110787,0.3393393393393425,0.061900610287707214
SOLUSDT:long:50:1788445084.940653,SOLUSDT,long,50,50,1788445084.940653,2026-09-03T14:18:04.940653+00:00,2026-09-03,101.9,ddeab0c332b7e57a19a87a494b745e63c598425ed680bf8a266313d43074d8b3,240,2.7063002944062697,1788459531.6874857,240.77911387681962,62.07625603675842,3.454367026496552,-0.1275760549558469,True,,0.30514814450242067,0.55259522399842,0.4930966469427922,1.798201798201804,0.2952866097691986,0.29332241700475203,0.27131622580362413,-0.01767300880005651,0.10917030567685491,0.11984021304926763
SOLUSDT:long:50:1788464533.820471,SOLUSDT,long,50,56,1788464533.820471,2026-09-03T19:42:13.820471+00:00,2026-09-03,105.41,c5967a0e97baf1d9e1f520afcc8ad2a8ce2062f9a8cf401d954d0175315fe070,240,-1.457634000569199,1788478976.902894,240.71804038286209,62.38487386703491,0.12332795749929737,-1.5842899155677825,True,,0.1234802431610893,0.02846840007590945,0.5820610687022887,0.841863579833535,0.10290665082099208,0.7021796132437299,0.43282102178323617,0.4230260030762212,0.17784256559766787,0.054054054054054244
SOLUSDT:long:50:1788496156.387563,SOLUSDT,long,50,50,1788496156.3875628,2026-09-04T04:29:16.387563+00:00,2026-09-04,104.2,c13ef9383f458750c1e5e1181b5b6c43dd24d44b341027a2d85f77ba8d2a56cf,240,-0.39831094049904914,1788510618.0283308,241.0273461341858,62.92647457122803,0.057581573896348104,-0.7965451055662154,True,,0.18267474281319362,0.45309939265401056,0.3660181082643099,0.6082842521965892,0.2752359967407461,0.5506640590928961,0.31124579834776656,-0.06581993872971648,0.21839080459770735,0.054925893635572376
SOLUSDT:long:50:1788512428.129730,SOLUSDT,long,50,52,1788512428.1297305,2026-09-04T09:00:28.129730+00:00,2026-09-04,104.25,9505698fbf3ed34615b0fa4ea397d9c87bf094fd5072ac4faf01a4fdcd7ff863,240,-2.930551558753005,1788526848.6739092,240.34240297873814,63.942572832107544,0.4412470023980708,-3.6163069544364435,True,,-0.057520851308601184,0.4045073678127675,0.7246376811594235,0.5788712011577379,0.3214870607552941,0.33043100417547366,0.2724460347994225,0.05883255312728597,0.2707581227436869,0.05565862708719857
SOLUSDT:long:50:1788539783.735051,SOLUSDT,long,50,50,1788539783.7350512,2026-09-04T16:36:23.735051+00:00,2026-09-04,101.89,bf68b6d8a6f3aa76102ed9c793056283fae58bb7b33ef3b19a53e939f5d520f8,240,-0.2868465992737289,1788554229.1560833,240.75701720317204,63.380372285842896,0.04907252919814642,-0.8244184905289997,True,,0.11791294094527505,0.2262443438914019,0.5228887134964388,0.25582997146511577,0.19323537602072619,0.3681768647778974,0.32897613675221793,-0.04215567919277907,0.19272727272727114,0.012416427889207512
SOLUSDT:long:50:1788570640.037419,SOLUSDT,long,50,54,1788570640.0374188,2026-09-05T01:10:40.037419+00:00,2026-09-05,101.93,49dbe2ee2e24ce6a6611c4ad7ef48cd1023e1e7fe549e3a66eb41943a9a09ee8,240,-0.3260237417835897,1788585083.0438986,240.71677466233572,62.9077250957489,0.1765917786716198,-0.39242617482586617,True,,0.1473766948320021,0.11786661428150325,0.09820288716488879,0.27545499262173756,0.5091051755583109,0.28675750823903706,0.4656247142495305,0.002985108190611818,0.05102040816327056,0.04081632653061318
SOLUSDT:long:50:1788591320.377654,SOLUSDT,long,50,58,1788591320.377654,2026-09-05T06:55:20.377654+00:00,2026-09-05,102.14,f403fe11ce1b42566fc2c059fcf57be5714c4930c81184ed1c2306cf18ca2bec,240,0.26182886234578995,1788605744.8492978,240.4078607281049,62.62906789779663,0.5776385353436497,-0.06853338554925203,True,,0.009791442279460938,0.0489763933783971,0.3142801021410513,0.2748870999411013,0.6609839363400591,0.24797883379339528,0.24465299986508982,0.0026330505719984743,0.1904761904761957,0.04530744336569551
SOLUSDT:long:50:1788611757.177222,SOLUSDT,long,50,54,1788611757.1772223,2026-09-05T12:35:57.177222+00:00,2026-09-05,102.55,050da0cd01f3e57dadca9fc130feeb98ffb5a8199c22983882e109ea45016a43,240,0.4358264261336099,1788626215.1000433,240.9653803507487,61.83169436454773,0.789858605558269,0.0,True,,0.20519835841312783,0.24437927663734094,0.3228331050675104,0.37192913771164626,0.8948757740604322,0.7643850682058079,0.5779104892138927,-0.1877776617086102,0.2129032258064587,0.059748427672954595
SOLUSDT:long:50:1788626764.103120,SOLUSDT,long,50,51,1788626764.10312,2026-09-05T16:46:04.103120+00:00,2026-09-05,103.16,5e4395525f4fa0909dd950ceccbb5889d926d0cf065658799f982d2f5a20eed9,240,0.015711516091507893,1788641169.1869433,240.084730386734,61.23464488983154,1.0566110895696035,-0.10663047692903715,True,,0.06790183334950406,-0.05812826971517415,0.3892565200467102,0.32091802003306746,0.6621749533957166,0.28936357483853276,0.33291598842804526,0.08660936611153414,0.1599999999999975,0.032132424537488206
SOLUSDT:long:50:1788659545.174025,SOLUSDT,long,50,50,1788659545.1740248,2026-09-06T01:52:25.174025+00:00,2026-09-06,104.04,4dc4fdaec329bd26e69ae8b3fe6106d6ec32cce4dca9bd3ce570658c096d37da,240,2.35020376778162,1788673989.184439,240.7335069020589,61.57258367538452,2.777777777777768,-0.1826220684352342,True,,0.2505299672383998,0.3278688524590123,0.677375653183665,0.28918449971082616,0.6655620423713289,0.4400332412458888,0.4818454333867919,-0.2950987831153773,0.23809523809523808,0.03303964757709423
SOLUSDT:long:50:1788686934.949801,SOLUSDT,long,50,56,1788686934.949801,2026-09-06T09:28:54.949801+00:00,2026-09-06,106.79,f0c326d0af2d4aca7c0c089447b9aed673cba655115808051037cef0a16eac41,240,-0.6912145331959961,1788701379.9340043,240.7497367223104,61.70509147644043,0.4588444610918563,-0.627399569248055,True,,0.5176957831325435,1.088602801968963,1.598325563695191,0.669306184012064,0.5303713956161891,0.48313505317599675,0.44554218681144286,0.8344127773749932,0.4772727272727394,0.05399239543726306
SOLUSDT:long:50:1788703289.243687,SOLUSDT,long,50,56,1788703289.2436872,2026-09-06T14:01:29.243687+00:00,2026-09-06,106.95,8519458569432cb31deae21408b7e65bd512200195ca9db4352d848a3eec5fd0,240,-0.8399625993454806,1788717725.7405314,240.6082807381948,62.02447843551636,0.0,-1.7671809256662008,True,,0.08422234699607678,0.29069767441860517,0.27189199324957336,0.5641748942172065,0.2556136378946096,0.4144408766690492,0.38201578604167424,0.2203822427806923,0.07231920199501445,0.041095890410959623
SOLUSDT:long:50:1788719513.840312,SOLUSDT,long,50,56,1788719513.8403125,2026-09-06T18:31:53.840312+00:00,2026-09-06,106.49,b1d5095713f7a8083e944a610de836be609c2101838e5b990dc9031c53325834,240,-0.9088064607005196,1788733946.906275,240.55109937588375,62.028435707092285,0.009390553103583166,-1.4085829655366755,True,,0.17873941674506622,0.1504749365183855,0.5286509959407049,0.8810155361879346,0.7158215833400684,0.4726122434841077,0.23750238907816748,-0.00952689189301914,0.20740740740740277,0.05838041431261747
SOLUSDT:long:50:1788737034.240638,SOLUSDT,long,50,58,1788737034.240638,2026-09-06T23:23:54.240638+00:00,2026-09-06,106.32,eb878335b68723287d468891a115e81c75fa4a571883c4b0cd5decf57b96978e,240,,,,,,,False,,-0.04700573469964553,0.33028215532697747,1.0742466013879515,0.6722848215131139,0.6646131090651415,0.23116825778325892,0.1880754099525949,0.047628763551110787,0.3393393393393425,0.061900610287707214
SOLUSDT:long:60:1788445938.808902,SOLUSDT,long,60,62,1788445938.8089018,2026-09-03T14:32:18.808902+00:00,2026-09-03,102.96,d5ea727753da04fe12f5a35ef26baa7349e2da563ef371d2691810d9bf7f0795,15,-0.0908624708624649,1788446855.3211272,15.275203756491344,61.18812966346741,0.04856254856255848,-0.5536130536130446,True,,0.47818873816727336,1.0402355250245243,1.4984227129337446,2.7955271565495154,0.6837479141187959,0.535185813262217,0.46857945273032514,0.10874628450443513,0.2763636363636349,0.17565872020075188
SOLUSDT:long:60:1788593624.828119,SOLUSDT,long,60,87,1788593624.8281186,2026-09-05T07:33:44.828119+00:00,2026-09-05,102.43,411e9cf386be97351f36953b5775ec69909165823de9ec519b14e4521439d7c6,15,-0.3250180611149144,1788594559.0865119,15.570973221460978,62.37535762786865,0.11715317777993839,-0.20501806111491439,True,,-0.03903581536058853,0.16624291022881987,0.41172434075091857,0.5398508048684914,0.1651783842811044,-0.19209764981497937,0.41237551588726473,0.04007004795534286,0.22105263157895588,0.08744038155803013
SOLUSDT:long:60:1788612497.930339,SOLUSDT,long,60,85,1788612497.930339,2026-09-05T12:48:17.930339+00:00,2026-09-05,102.93,06007deaa686ccbf5c123286be24ef7ce5c083a88b939363972fd08803f5c428,15,0.0743068104536927,1788613421.6023717,15.394533876578013,61.676342487335205,0.29146021568056124,-0.048576702613434275,True,,0.07778317938746948,0.4293101766026153,0.6847305096351342,0.6256721087105399,0.21466362639664455,-0.3126850092487592,0.21870156583499978,-0.14967991606843478,0.34313725490197544,0.09552238805970073
SOLUSDT:long:60:1788631037.852192,SOLUSDT,long,60,62,1788631037.8521917,2026-09-05T17:57:17.852192+00:00,2026-09-05,104.06,8f68df8b8279e953667d09ab47b5073797c734e73b5345afcfc12c9da5ddd5f8,15,-0.2545377666730707,1788631953.8398619,15.266461169719696,61.16462469100952,0.18258696905630867,-0.22102633096291457,True,,0.08656343175916792,0.36651234567901536,0.6285659027173374,1.3735996103263481,0.524058321512625,0.26341850259248395,0.07355271048429947,0.2512423640678385,0.1706036745406851,0.12900274473925072
SOLUSDT:long:60:1788672885.066360,SOLUSDT,long,60,62,1788672885.0663598,2026-09-06T05:34:45.066360+00:00,2026-09-06,106.01,c03b0fc82f7fbce1e0703feabd66daba2cd1a5519ec0faa26771ae9c09bbd3b5,15,0.33278747287991195,1788673805.2878182,15.337024307250976,61.57258367538452,0.7074804263748735,0.0,True,,-0.00943218260704981,0.3597462841995691,0.31226343679031654,2.2867618680046276,0.6154240140337628,0.47742250790379775,0.29308283521216816,0.11616418579052379,0.08753315649867403,0.12929623567921517
SOLUSDT:long:60:1788689453.983403,SOLUSDT,long,60,62,1788689453.9834027,2026-09-06T10:10:53.983403+00:00,2026-09-06,106.59,5ede2b1337f72b2a2ba471a35ec18543d07ef9a11cdd0c62a6dd5c79804c00ca,15,-0.07309128436062895,1788690375.6911433,15.361795675754546,61.542625427246094,0.24392532132468947,-0.07505394502298479,True,,-0.028137310073161892,0.21624670928921397,1.0331753554502443,0.4050489826676884,0.5045747874347539,0.35265670701458113,0.370131873198789,0.14416811215587355,0.22109533468560003,0.032551097653293594
SOLUSDT:long:60:1788738085.248500,SOLUSDT,long,60,69,1788738085.2484999,2026-09-06T23:41:25.248500+00:00,2026-09-06,106.54,ae80694703058fbaf922666a775f51d52c6602cc828168b3e81f39d0aa016be4,15,-0.3734259433076835,1788739012.9231336,15.461243895689647,61.96633219718933,0.1220198986296106,-0.25342594330768353,True,,0.0,0.1598194979787637,0.6233471854930173,0.9570738178716898,-0.2712434260079349,-0.10257770580874238,0.3556805661597082,-0.4862809746846275,0.2374100719424559,0.08684436801375917
SOLUSDT:long:60:1788445938.808902,SOLUSDT,long,60,62,1788445938.8089018,2026-09-03T14:32:18.808902+00:00,2026-09-03,102.96,d5ea727753da04fe12f5a35ef26baa7349e2da563ef371d2691810d9bf7f0795,30,2.2692773892773888,1788447774.2137172,30.590080257256826,61.440789222717285,2.389277389277389,-0.5536130536130446,True,,0.47818873816727336,1.0402355250245243,1.4984227129337446,2.7955271565495154,0.6837479141187959,0.535185813262217,0.46857945273032514,0.10874628450443513,0.2763636363636349,0.17565872020075188
SOLUSDT:long:60:1788593624.828119,SOLUSDT,long,60,87,1788593624.8281186,2026-09-05T07:33:44.828119+00:00,2026-09-05,102.43,411e9cf386be97351f36953b5775ec69909165823de9ec519b14e4521439d7c6,30,-0.354306355559899,1788595430.4487321,30.09367689291636,62.37535762786865,0.11715317777993839,-0.3124084740798616,True,,-0.03903581536058853,0.16624291022881987,0.41172434075091857,0.5398508048684914,0.1651783842811044,-0.19209764981497937,0.41237551588726473,0.04007004795534286,0.22105263157895588,0.08744038155803013
SOLUSDT:long:60:1788612497.930339,SOLUSDT,long,60,85,1788612497.930339,2026-09-05T12:48:17.930339+00:00,2026-09-05,102.93,06007deaa686ccbf5c123286be24ef7ce5c083a88b939363972fd08803f5c428,30,0.025730107840269523,1788614345.415613,30.791421230634054,61.80611252784729,0.41775964247545705,-0.048576702613434275,True,,0.07778317938746948,0.4293101766026153,0.6847305096351342,0.6256721087105399,0.21466362639664455,-0.3126850092487592,0.21870156583499978,-0.14967991606843478,0.34313725490197544,0.09552238805970073
SOLUSDT:long:60:1788631037.852192,SOLUSDT,long,60,62,1788631037.8521917,2026-09-05T17:57:17.852192+00:00,2026-09-05,104.06,8f68df8b8279e953667d09ab47b5073797c734e73b5345afcfc12c9da5ddd5f8,30,-0.2929771285796766,1788632869.4386497,30.526440966129304,61.16462469100952,0.18258696905630867,-0.22102633096291457,True,,0.08656343175916792,0.36651234567901536,0.6285659027173374,1.3735996103263481,0.524058321512625,0.26341850259248395,0.07355271048429947,0.2512423640678385,0.1706036745406851,0.12900274473925072
SOLUSDT:long:60:1788672885.066360,SOLUSDT,long,60,62,1788672885.0663598,2026-09-06T05:34:45.066360+00:00,2026-09-06,106.01,c03b0fc82f7fbce1e0703feabd66daba2cd1a5519ec0faa26771ae9c09bbd3b5,30,0.11582680879161711,1788674724.6920412,30.66042802333832,61.57258367538452,0.7074804263748735,0.0,True,,-0.00943218260704981,0.3597462841995691,0.31226343679031654,2.2867618680046276,0.6154240140337628,0.47742250790379775,0.29308283521216816,0.11616418579052379,0.08753315649867403,0.12929623567921517
SOLUSDT:long:60:1788689453.983403,SOLUSDT,long,60,62,1788689453.9834027,2026-09-06T10:10:53.983403+00:00,2026-09-06,106.59,5ede2b1337f72b2a2ba471a35ec18543d07ef9a11cdd0c62a6dd5c79804c00ca,30,-0.1762904587672386,1788691297.3071184,30.722061928113302,61.57607579231262,0.24392532132468947,-0.23454357819683302,True,,-0.028137310073161892,0.21624670928921397,1.0331753554502443,0.4050489826676884,0.5045747874347539,0.35265670701458113,0.370131873198789,0.14416811215587355,0.22109533468560003,0.032551097653293594
SOLUSDT:long:60:1788738085.248500,SOLUSDT,long,60,69,1788738085.2484999,2026-09-06T23:41:25.248500+00:00,2026-09-06,106.54,ae80694703058fbaf922666a775f51d52c6602cc828168b3e81f39d0aa016be4,30,-0.12,1788739941.5643394,30.938597325483958,62.12649583816528,0.1220198986296106,-0.25342594330768353,True,,0.0,0.1598194979787637,0.6233471854930173,0.9570738178716898,-0.2712434260079349,-0.10257770580874238,0.3556805661597082,-0.4862809746846275,0.2374100719424559,0.08684436801375917
SOLUSDT:long:60:1788445938.808902,SOLUSDT,long,60,62,1788445938.8089018,2026-09-03T14:32:18.808902+00:00,2026-09-03,102.96,d5ea727753da04fe12f5a35ef26baa7349e2da563ef371d2691810d9bf7f0795,60,1.239751359751371,1788449554.3340333,60.25875219106674,61.593820095062256,2.389277389277389,-0.5536130536130446,True,,0.47818873816727336,1.0402355250245243,1.4984227129337446,2.7955271565495154,0.6837479141187959,0.535185813262217,0.46857945273032514,0.10874628450443513,0.2763636363636349,0.17565872020075188
SOLUSDT:long:60:1788593624.828119,SOLUSDT,long,60,87,1788593624.8281186,2026-09-05T07:33:44.828119+00:00,2026-09-05,102.43,411e9cf386be97351f36953b5775ec69909165823de9ec519b14e4521439d7c6,60,-0.39335741481987474,1788597235.3957212,60.17612671057383,62.384669065475464,0.11715317777993839,-0.3514595333398596,True,,-0.03903581536058853,0.16624291022881987,0.41172434075091857,0.5398508048684914,0.1651783842811044,-0.19209764981497937,0.41237551588726473,0.04007004795534286,0.22105263157895588,0.08744038155803013
SOLUSDT:long:60:1788612497.930339,SOLUSDT,long,60,85,1788612497.930339,2026-09-05T12:48:17.930339+00:00,2026-09-05,102.93,06007deaa686ccbf5c123286be24ef7ce5c083a88b939363972fd08803f5c428,60,-0.12,1788616127.9308105,60.50000785589218,61.80611252784729,0.41775964247545705,-0.16516078888565433,True,,0.07778317938746948,0.4293101766026153,0.6847305096351342,0.6256721087105399,0.21466362639664455,-0.3126850092487592,0.21870156583499978,-0.14967991606843478,0.34313725490197544,0.09552238805970073
SOLUSDT:long:60:1788631037.852192,SOLUSDT,long,60,62,1788631037.8521917,2026-09-05T17:57:17.852192+00:00,2026-09-05,104.06,8f68df8b8279e953667d09ab47b5073797c734e73b5345afcfc12c9da5ddd5f8,60,-0.32180665000961717,1788634639.072538,60.02033910353978,61.165125608444214,0.18258696905630867,-0.34595425715933104,True,,0.08656343175916792,0.36651234567901536,0.6285659027173374,1.3735996103263481,0.524058321512625,0.26341850259248395,0.07355271048429947,0.2512423640678385,0.1706036745406851,0.12900274473925072
SOLUSDT:long:60:1788672885.066360,SOLUSDT,long,60,62,1788672885.0663598,2026-09-06T05:34:45.066360+00:00,2026-09-06,106.01,c03b0fc82f7fbce1e0703feabd66daba2cd1a5519ec0faa26771ae9c09bbd3b5,60,-0.7142835581548955,1788676502.5896697,60.29205516576767,61.57258367538452,0.7074804263748735,-0.5942835581548955,True,,-0.00943218260704981,0.3597462841995691,0.31226343679031654,2.2867618680046276,0.6154240140337628,0.47742250790379775,0.29308283521216816,0.11616418579052379,0.08753315649867403,0.12929623567921517
SOLUSDT:long:60:1788689453.983403,SOLUSDT,long,60,62,1788689453.9834027,2026-09-06T10:10:53.983403+00:00,2026-09-06,106.59,5ede2b1337f72b2a2ba471a35ec18543d07ef9a11cdd0c62a6dd5c79804c00ca,60,-0.24196266066235583,1788693079.4843197,60.42501528263092,61.637221813201904,0.24392532132468947,-0.23454357819683302,True,,-0.028137310073161892,0.21624670928921397,1.0331753554502443,0.4050489826676884,0.5045747874347539,0.35265670701458113,0.370131873198789,0.14416811215587355,0.22109533468560003,0.032551097653293594
SOLUSDT:long:60:1788738085.248500,SOLUSDT,long,60,69,1788738085.2484999,2026-09-06T23:41:25.248500+00:00,2026-09-06,106.54,ae80694703058fbaf922666a775f51d52c6602cc828168b3e81f39d0aa016be4,60,-0.6737826168575233,1788741685.6318219,60.006388700008394,98.52229714393616,0.1220198986296106,-0.5537826168575233,False,,0.0,0.1598194979787637,0.6233471854930173,0.9570738178716898,-0.2712434260079349,-0.10257770580874238,0.3556805661597082,-0.4862809746846275,0.2374100719424559,0.08684436801375917
SOLUSDT:long:60:1788445938.808902,SOLUSDT,long,60,62,1788445938.8089018,2026-09-03T14:32:18.808902+00:00,2026-09-03,102.96,d5ea727753da04fe12f5a35ef26baa7349e2da563ef371d2691810d9bf7f0795,240,1.686526806526798,1788460395.7881787,240.94965461492538,62.07625603675842,2.389277389277389,-0.5536130536130446,True,,0.47818873816727336,1.0402355250245243,1.4984227129337446,2.7955271565495154,0.6837479141187959,0.535185813262217,0.46857945273032514,0.10874628450443513,0.2763636363636349,0.17565872020075188
SOLUSDT:long:60:1788593624.828119,SOLUSDT,long,60,87,1788593624.8281186,2026-09-05T07:33:44.828119+00:00,2026-09-05,102.43,411e9cf386be97351f36953b5775ec69909165823de9ec519b14e4521439d7c6,240,-0.33478082592991665,1788608038.7954352,240.23278861045839,62.62906789779663,0.2928829444498682,-0.3514595333398596,True,,-0.03903581536058853,0.16624291022881987,0.41172434075091857,0.5398508048684914,0.1651783842811044,-0.19209764981497937,0.41237551588726473,0.04007004795534286,0.22105263157895588,0.08744038155803013
SOLUSDT:long:60:1788612497.930339,SOLUSDT,long,60,85,1788612497.930339,2026-09-05T12:48:17.930339+00:00,2026-09-05,102.93,06007deaa686ccbf5c123286be24ef7ce5c083a88b939363972fd08803f5c428,240,0.10345283202174216,1788626947.1405737,240.82017057736715,61.80611252784729,0.41775964247545705,-0.33032157777130866,True,,0.07778317938746948,0.4293101766026153,0.6847305096351342,0.6256721087105399,0.21466362639664455,-0.3126850092487592,0.21870156583499978,-0.14967991606843478,0.34313725490197544,0.09552238805970073
SOLUSDT:long:60:1788631037.852192,SOLUSDT,long,60,62,1788631037.8521917,2026-09-05T17:57:17.852192+00:00,2026-09-05,104.06,8f68df8b8279e953667d09ab47b5073797c734e73b5345afcfc12c9da5ddd5f8,240,-0.514003459542569,1788645440.3393083,240.04145194292067,61.21735906600952,0.18258696905630867,-0.9225446857582198,True,,0.08656343175916792,0.36651234567901536,0.6285659027173374,1.3735996103263481,0.524058321512625,0.26341850259248395,0.07355271048429947,0.2512423640678385,0.1706036745406851,0.12900274473925072
SOLUSDT:long:60:1788672885.066360,SOLUSDT,long,60,62,1788672885.0663598,2026-09-06T05:34:45.066360+00:00,2026-09-06,106.01,c03b0fc82f7fbce1e0703feabd66daba2cd1a5519ec0faa26771ae9c09bbd3b5,240,0.5969134987265347,1788687303.7371776,240.31118029753367,61.57416796684265,1.075370248089813,-1.2262994057164578,True,,-0.00943218260704981,0.3597462841995691,0.31226343679031654,2.2867618680046276,0.6154240140337628,0.47742250790379775,0.29308283521216816,0.11616418579052379,0.08753315649867403,0.12929623567921517
SOLUSDT:long:60:1788689453.983403,SOLUSDT,long,60,62,1788689453.9834027,2026-09-06T10:10:53.983403+00:00,2026-09-06,106.59,5ede2b1337f72b2a2ba471a35ec18543d07ef9a11cdd0c62a6dd5c79804c00ca,240,-0.1387634862557573,1788703904.559837,240.8429405728976,61.80091905593872,0.6473402758232494,-0.6754855052068631,True,,-0.028137310073161892,0.21624670928921397,1.0331753554502443,0.4050489826676884,0.5045747874347539,0.35265670701458113,0.370131873198789,0.14416811215587355,0.22109533468560003,0.032551097653293594
SOLUSDT:long:60:1788738085.248500,SOLUSDT,long,60,69,1788738085.2484999,2026-09-06T23:41:25.248500+00:00,2026-09-06,106.54,ae80694703058fbaf922666a775f51d52c6602cc828168b3e81f39d0aa016be4,240,,,,,,,False,,0.0,0.1598194979787637,0.6233471854930173,0.9570738178716898,-0.2712434260079349,-0.10257770580874238,0.3556805661597082,-0.4862809746846275,0.2374100719424559,0.08684436801375917
SOLUSDT:long:70:1788450106.148623,SOLUSDT,long,70,75,1788450106.1486225,2026-09-03T15:41:46.148623+00:00,2026-09-03,104.55,1f7e2cb9b470b9ad3e73e86866d34f2fb77aeb5887920da4cc769d9331e521a0,15,0.32954567192729833,1788451027.4332309,15.354743472735088,61.617581367492676,0.4591104734576801,-0.717360114777621,True,,0.13408677329758145,0.23008340523438253,1.910517594307426,3.6071747101377394,0.0449565416856397,-0.1277451436061875,0.3851212530403432,-0.07607363724901894,0.22950819672131134,0.16545454545454494
SOLUSDT:long:70:1788593624.828119,SOLUSDT,long,70,87,1788593624.8281186,2026-09-05T07:33:44.828119+00:00,2026-09-05,102.43,411e9cf386be97351f36953b5775ec69909165823de9ec519b14e4521439d7c6,15,-0.3250180611149144,1788594559.0865119,15.570973221460978,62.37535762786865,0.11715317777993839,-0.20501806111491439,True,,-0.03903581536058853,0.16624291022881987,0.41172434075091857,0.5398508048684914,0.1651783842811044,-0.19209764981497937,0.41237551588726473,0.04007004795534286,0.22105263157895588,0.08744038155803013
SOLUSDT:long:70:1788612497.930339,SOLUSDT,long,70,85,1788612497.930339,2026-09-05T12:48:17.930339+00:00,2026-09-05,102.93,06007deaa686ccbf5c123286be24ef7ce5c083a88b939363972fd08803f5c428,15,0.0743068104536927,1788613421.6023717,15.394533876578013,61.676342487335205,0.29146021568056124,-0.048576702613434275,True,,0.07778317938746948,0.4293101766026153,0.6847305096351342,0.6256721087105399,0.21466362639664455,-0.3126850092487592,0.21870156583499978,-0.14967991606843478,0.34313725490197544,0.09552238805970073
SOLUSDT:long:70:1788450106.148623,SOLUSDT,long,70,75,1788450106.1486225,2026-09-03T15:41:46.148623+00:00,2026-09-03,104.55,1f7e2cb9b470b9ad3e73e86866d34f2fb77aeb5887920da4cc769d9331e521a0,30,-0.29216642754661615,1788451950.715472,30.742780824502308,61.68941617012024,0.5834528933524652,-0.717360114777621,True,,0.13408677329758145,0.23008340523438253,1.910517594307426,3.6071747101377394,0.0449565416856397,-0.1277451436061875,0.3851212530403432,-0.07607363724901894,0.22950819672131134,0.16545454545454494
SOLUSDT:long:70:1788593624.828119,SOLUSDT,long,70,87,1788593624.8281186,2026-09-05T07:33:44.828119+00:00,2026-09-05,102.43,411e9cf386be97351f36953b5775ec69909165823de9ec519b14e4521439d7c6,30,-0.354306355559899,1788595430.4487321,30.09367689291636,62.37535762786865,0.11715317777993839,-0.3124084740798616,True,,-0.03903581536058853,0.16624291022881987,0.41172434075091857,0.5398508048684914,0.1651783842811044,-0.19209764981497937,0.41237551588726473,0.04007004795534286,0.22105263157895588,0.08744038155803013
SOLUSDT:long:70:1788612497.930339,SOLUSDT,long,70,85,1788612497.930339,2026-09-05T12:48:17.930339+00:00,2026-09-05,102.93,06007deaa686ccbf5c123286be24ef7ce5c083a88b939363972fd08803f5c428,30,0.025730107840269523,1788614345.415613,30.791421230634054,61.80611252784729,0.41775964247545705,-0.048576702613434275,True,,0.07778317938746948,0.4293101766026153,0.6847305096351342,0.6256721087105399,0.21466362639664455,-0.3126850092487592,0.21870156583499978,-0.14967991606843478,0.34313725490197544,0.09552238805970073
SOLUSDT:long:70:1788450106.148623,SOLUSDT,long,70,75,1788450106.1486225,2026-09-03T15:41:46.148623+00:00,2026-09-03,104.55,1f7e2cb9b470b9ad3e73e86866d34f2fb77aeb5887920da4cc769d9331e521a0,60,-0.4260736489717719,1788453736.0502748,60.49836087226868,61.75032997131348,0.5834528933524652,-0.717360114777621,True,,0.13408677329758145,0.23008340523438253,1.910517594307426,3.6071747101377394,0.0449565416856397,-0.1277451436061875,0.3851212530403432,-0.07607363724901894,0.22950819672131134,0.16545454545454494
SOLUSDT:long:70:1788593624.828119,SOLUSDT,long,70,87,1788593624.8281186,2026-09-05T07:33:44.828119+00:00,2026-09-05,102.43,411e9cf386be97351f36953b5775ec69909165823de9ec519b14e4521439d7c6,60,-0.39335741481987474,1788597235.3957212,60.17612671057383,62.384669065475464,0.11715317777993839,-0.3514595333398596,True,,-0.03903581536058853,0.16624291022881987,0.41172434075091857,0.5398508048684914,0.1651783842811044,-0.19209764981497937,0.41237551588726473,0.04007004795534286,0.22105263157895588,0.08744038155803013
SOLUSDT:long:70:1788612497.930339,SOLUSDT,long,70,85,1788612497.930339,2026-09-05T12:48:17.930339+00:00,2026-09-05,102.93,06007deaa686ccbf5c123286be24ef7ce5c083a88b939363972fd08803f5c428,60,-0.12,1788616127.9308105,60.50000785589218,61.80611252784729,0.41775964247545705,-0.16516078888565433,True,,0.07778317938746948,0.4293101766026153,0.6847305096351342,0.6256721087105399,0.21466362639664455,-0.3126850092487592,0.21870156583499978,-0.14967991606843478,0.34313725490197544,0.09552238805970073
SOLUSDT:long:70:1788450106.148623,SOLUSDT,long,70,75,1788450106.1486225,2026-09-03T15:41:46.148623+00:00,2026-09-03,104.55,1f7e2cb9b470b9ad3e73e86866d34f2fb77aeb5887920da4cc769d9331e521a0,240,0.7025729316116759,1788464533.820471,240.4611974755923,62.07625603675842,0.946915351506461,-0.717360114777621,True,,0.13408677329758145,0.23008340523438253,1.910517594307426,3.6071747101377394,0.0449565416856397,-0.1277451436061875,0.3851212530403432,-0.07607363724901894,0.22950819672131134,0.16545454545454494
SOLUSDT:long:70:1788593624.828119,SOLUSDT,long,70,87,1788593624.8281186,2026-09-05T07:33:44.828119+00:00,2026-09-05,102.43,411e9cf386be97351f36953b5775ec69909165823de9ec519b14e4521439d7c6,240,-0.33478082592991665,1788608038.7954352,240.23278861045839,62.62906789779663,0.2928829444498682,-0.3514595333398596,True,,-0.03903581536058853,0.16624291022881987,0.41172434075091857,0.5398508048684914,0.1651783842811044,-0.19209764981497937,0.41237551588726473,0.04007004795534286,0.22105263157895588,0.08744038155803013
SOLUSDT:long:70:1788612497.930339,SOLUSDT,long,70,85,1788612497.930339,2026-09-05T12:48:17.930339+00:00,2026-09-05,102.93,06007deaa686ccbf5c123286be24ef7ce5c083a88b939363972fd08803f5c428,240,0.10345283202174216,1788626947.1405737,240.82017057736715,61.80611252784729,0.41775964247545705,-0.33032157777130866,True,,0.07778317938746948,0.4293101766026153,0.6847305096351342,0.6256721087105399,0.21466362639664455,-0.3126850092487592,0.21870156583499978,-0.14967991606843478,0.34313725490197544,0.09552238805970073
SOLUSDT:long:80:1788593624.828119,SOLUSDT,long,80,87,1788593624.8281186,2026-09-05T07:33:44.828119+00:00,2026-09-05,102.43,411e9cf386be97351f36953b5775ec69909165823de9ec519b14e4521439d7c6,15,-0.3250180611149144,1788594559.0865119,15.570973221460978,62.37535762786865,0.11715317777993839,-0.20501806111491439,True,,-0.03903581536058853,0.16624291022881987,0.41172434075091857,0.5398508048684914,0.1651783842811044,-0.19209764981497937,0.41237551588726473,0.04007004795534286,0.22105263157895588,0.08744038155803013
SOLUSDT:long:80:1788612497.930339,SOLUSDT,long,80,85,1788612497.930339,2026-09-05T12:48:17.930339+00:00,2026-09-05,102.93,06007deaa686ccbf5c123286be24ef7ce5c083a88b939363972fd08803f5c428,15,0.0743068104536927,1788613421.6023717,15.394533876578013,61.676342487335205,0.29146021568056124,-0.048576702613434275,True,,0.07778317938746948,0.4293101766026153,0.6847305096351342,0.6256721087105399,0.21466362639664455,-0.3126850092487592,0.21870156583499978,-0.14967991606843478,0.34313725490197544,0.09552238805970073
SOLUSDT:long:80:1788593624.828119,SOLUSDT,long,80,87,1788593624.8281186,2026-09-05T07:33:44.828119+00:00,2026-09-05,102.43,411e9cf386be97351f36953b5775ec69909165823de9ec519b14e4521439d7c6,30,-0.354306355559899,1788595430.4487321,30.09367689291636,62.37535762786865,0.11715317777993839,-0.3124084740798616,True,,-0.03903581536058853,0.16624291022881987,0.41172434075091857,0.5398508048684914,0.1651783842811044,-0.19209764981497937,0.41237551588726473,0.04007004795534286,0.22105263157895588,0.08744038155803013
SOLUSDT:long:80:1788612497.930339,SOLUSDT,long,80,85,1788612497.930339,2026-09-05T12:48:17.930339+00:00,2026-09-05,102.93,06007deaa686ccbf5c123286be24ef7ce5c083a88b939363972fd08803f5c428,30,0.025730107840269523,1788614345.415613,30.791421230634054,61.80611252784729,0.41775964247545705,-0.048576702613434275,True,,0.07778317938746948,0.4293101766026153,0.6847305096351342,0.6256721087105399,0.21466362639664455,-0.3126850092487592,0.21870156583499978,-0.14967991606843478,0.34313725490197544,0.09552238805970073
SOLUSDT:long:80:1788593624.828119,SOLUSDT,long,80,87,1788593624.8281186,2026-09-05T07:33:44.828119+00:00,2026-09-05,102.43,411e9cf386be97351f36953b5775ec69909165823de9ec519b14e4521439d7c6,60,-0.39335741481987474,1788597235.3957212,60.17612671057383,62.384669065475464,0.11715317777993839,-0.3514595333398596,True,,-0.03903581536058853,0.16624291022881987,0.41172434075091857,0.5398508048684914,0.1651783842811044,-0.19209764981497937,0.41237551588726473,0.04007004795534286,0.22105263157895588,0.08744038155803013
SOLUSDT:long:80:1788612497.930339,SOLUSDT,long,80,85,1788612497.930339,2026-09-05T12:48:17.930339+00:00,2026-09-05,102.93,06007deaa686ccbf5c123286be24ef7ce5c083a88b939363972fd08803f5c428,60,-0.12,1788616127.9308105,60.50000785589218,61.80611252784729,0.41775964247545705,-0.16516078888565433,True,,0.07778317938746948,0.4293101766026153,0.6847305096351342,0.6256721087105399,0.21466362639664455,-0.3126850092487592,0.21870156583499978,-0.14967991606843478,0.34313725490197544,0.09552238805970073
SOLUSDT:long:80:1788593624.828119,SOLUSDT,long,80,87,1788593624.8281186,2026-09-05T07:33:44.828119+00:00,2026-09-05,102.43,411e9cf386be97351f36953b5775ec69909165823de9ec519b14e4521439d7c6,240,-0.33478082592991665,1788608038.7954352,240.23278861045839,62.62906789779663,0.2928829444498682,-0.3514595333398596,True,,-0.03903581536058853,0.16624291022881987,0.41172434075091857,0.5398508048684914,0.1651783842811044,-0.19209764981497937,0.41237551588726473,0.04007004795534286,0.22105263157895588,0.08744038155803013
SOLUSDT:long:80:1788612497.930339,SOLUSDT,long,80,85,1788612497.930339,2026-09-05T12:48:17.930339+00:00,2026-09-05,102.93,06007deaa686ccbf5c123286be24ef7ce5c083a88b939363972fd08803f5c428,240,0.10345283202174216,1788626947.1405737,240.82017057736715,61.80611252784729,0.41775964247545705,-0.33032157777130866,True,,0.07778317938746948,0.4293101766026153,0.6847305096351342,0.6256721087105399,0.21466362639664455,-0.3126850092487592,0.21870156583499978,-0.14967991606843478,0.34313725490197544,0.09552238805970073
SOLUSDT:short:50:1788429331.976012,SOLUSDT,short,50,58,1788429331.976012,2026-09-03T09:55:31.976012+00:00,2026-09-03,100.15,7c1555951437702b2ed459c492406a8f33e3521ee5787da3e2e70a15f877a589,15,-0.050104842735889554,1788430238.124676,15.102477733294169,60.459327697753906,0.12980529206191305,-0.0599101347977804,True,,-0.029946097025357332,-0.07981642222887331,-0.4868839427662919,-0.5856660710740424,-0.9539420481719815,-0.37932173175056133,-0.38962600949397164,0.023033884677703398,0.1849056603773631,0.046420141620770426
SOLUSDT:short:50:1788477611.751687,SOLUSDT,short,50,56,1788477611.7516866,2026-09-03T23:20:11.751687+00:00,2026-09-03,103.94,668d5f8c1898ffa7279ae28ae9ff7c1c764b9fd63a8534da516a9f64a7388e8f,15,-0.18734654608429036,1788478542.5538542,15.513369460900625,62.12299656867981,0.1539349624783526,-0.06734654608429036,True,,-0.04808154630252526,-0.21121351766513197,-0.9246020398436694,-1.3383958234456594,-0.9805351264110629,-0.7327854452742821,-0.21738199186073506,-0.07997309988634349,0.2586666666666683,0.09079201545396018
SOLUSDT:short:50:1788501265.112018,SOLUSDT,short,50,56,1788501265.1120179,2026-09-04T05:54:25.112018+00:00,2026-09-04,103.39,795be82e77c07daad36506ed7212fd59a2da2f1b436529ce3048757807ccd490,15,-0.5262288422477911,1788502198.9767263,15.564411807060242,62.348533630371094,-0.0,-0.4062288422477911,True,,-0.07731709674301257,-0.16415604480494173,-0.5100076982294088,-0.27970679012345734,-0.7611788096185886,-0.7913340645219099,-0.3718725854089019,0.6690985990501774,0.16719242902208004,0.028347996089932173
SOLUSDT:short:50:1788525454.315506,SOLUSDT,short,50,65,1788525454.3155065,2026-09-04T12:37:34.315506+00:00,2026-09-04,101.12,807a2e5b0f91c892b16dc5f546e0d5f078768874d7eb7c0bbe480be1cdf10bf7,15,-0.6144620253164667,1788526406.3171926,15.866694768269857,63.942572832107544,0.4351265822784778,-0.9493670886075778,True,,0.10890010890010071,-2.6943802925327165,-3.1324839544017546,-2.6662816440465864,-0.2945783767867467,0.09778918080361204,-0.19609182505215333,-0.11757442669074747,0.4230271668822792,0.14804917156600844
SOLUSDT:short:50:1788544247.371951,SOLUSDT,short,50,52,1788544247.3719513,2026-09-04T17:50:47.371951+00:00,2026-09-04,101.12,5b9b9c0e761450b8f15aa20f99fb8589e5ef899a7369d133930d76e619a15966,15,-0.47601265822784444,1788545190.9802542,15.726805047194164,63.380372285842896,0.0692246835443111,-0.35601265822784445,True,,-0.10866343969179182,-0.33510743150009237,-0.765456329735037,-0.7946630040223668,-0.16504636914887363,-0.3529150292260479,-0.21057879440778512,0.07035870039044934,0.2888888888888905,0.05732484076433162
SOLUSDT:short:50:1788584770.719769,SOLUSDT,short,50,50,1788584770.7197685,2026-09-05T05:06:10.719769+00:00,2026-09-05,101.53,1a31c3e1568412a7406f31314e6bd7eed7eb09312dde84887fc9ddb676389db2,15,-0.257890278735342,1788585706.5839624,15.597736565272013,62.53744983673096,-0.0,-0.2659312518467516,True,,-0.1475216365066978,-0.1965988400668417,-0.25542784163474774,-0.245627824719985,-0.21028266498958886,-0.5825448226506803,-0.12229555985739116,-0.06600685862609978,0.19117647058823514,0.036390101892285275
SOLUSDT:short:50:1788607728.908797,SOLUSDT,short,50,62,1788607728.9087968,2026-09-05T11:28:48.908797+00:00,2026-09-05,102.25,954f27c9be77adff0343e6df368285ea1d8d1ab8d288a6b517577220310e2dd9,15,-0.10044009779951668,1788608659.181097,15.504538337389628,62.135709047317505,0.09779951100243878,-0.00977995110025276,True,,0.00978090766823314,-0.13673210274440795,-0.16598320640499598,-0.21469698448326469,-0.8161462221229342,-0.6943212056483502,-0.54656188425039,0.08770493428207349,0.09189189189188815,0.029411764705881905
SOLUSDT:short:50:1788647148.882851,SOLUSDT,short,50,56,1788647148.8828511,2026-09-05T22:25:48.882851+00:00,2026-09-05,103.4,60abe3c8712e1c69d35d6b8233d2aa5687cc6e73f9ff0fe86a348fa74952ae89,15,0.0057253384913004135,1788648064.51205,15.260486646493275,61.11725068092346,0.16441005802707576,-0.0,True,,-0.1352134440795849,-0.19305019305018156,-0.3757587436169163,-0.5003849114703529,-0.15923615736988492,-0.7780127476020091,-0.45039007976103657,0.1034402620529784,0.16049382716049831,0.049808429118773916
SOLUSDT:short:50:1788704520.391703,SOLUSDT,short,50,54,1788704520.3917031,2026-09-06T14:22:00.391703+00:00,2026-09-06,105.81,f2fbcd689b139a87e3f71628c5a5f8c2cf042d01bf6b49ccfbc11a979af21cfc,15,-0.16725451280596093,1788705445.032464,15.410679348309834,61.78071403503418,0.26462527171344785,-0.21737075890748692,True,,-0.33907883582933174,-0.8898463844136395,-0.33907883582933174,-0.6945096198967549,-0.4087764756449289,-0.3047535522342911,-0.3005331483387813,-0.22509146790656853,0.07894736842105271,0.04900662251655592
SOLUSDT:short:50:1788429331.976012,SOLUSDT,short,50,58,1788429331.976012,2026-09-03T09:55:31.976012+00:00,2026-09-03,100.15,7c1555951437702b2ed459c492406a8f33e3521ee5787da3e2e70a15f877a589,30,-0.07007488766848302,1788431144.296458,30.205340766906737,60.459327697753906,0.18971542685972675,-0.13979031452819868,True,,-0.029946097025357332,-0.07981642222887331,-0.4868839427662919,-0.5856660710740424,-0.9539420481719815,-0.37932173175056133,-0.38962600949397164,0.023033884677703398,0.1849056603773631,0.046420141620770426
SOLUSDT:short:50:1788477611.751687,SOLUSDT,short,50,56,1788477611.7516866,2026-09-03T23:20:11.751687+00:00,2026-09-03,103.94,668d5f8c1898ffa7279ae28ae9ff7c1c764b9fd63a8534da516a9f64a7388e8f,30,-0.12,1788479411.8073566,30.000927833716073,62.30201268196106,0.1539349624783526,-0.17317683278814666,True,,-0.04808154630252526,-0.21121351766513197,-0.9246020398436694,-1.3383958234456594,-0.9805351264110629,-0.7327854452742821,-0.21738199186073506,-0.07997309988634349,0.2586666666666683,0.09079201545396018
SOLUSDT:short:50:1788501265.112018,SOLUSDT,short,50,56,1788501265.1120179,2026-09-04T05:54:25.112018+00:00,2026-09-04,103.39,795be82e77c07daad36506ed7212fd59a2da2f1b436529ce3048757807ccd490,30,-0.29409807524904064,1788503071.4028175,30.104846660296122,62.6067168712616,-0.0,-0.5513105716220101,True,,-0.07731709674301257,-0.16415604480494173,-0.5100076982294088,-0.27970679012345734,-0.7611788096185886,-0.7913340645219099,-0.3718725854089019,0.6690985990501774,0.16719242902208004,0.028347996089932173
SOLUSDT:short:50:1788525454.315506,SOLUSDT,short,50,65,1788525454.3155065,2026-09-04T12:37:34.315506+00:00,2026-09-04,101.12,807a2e5b0f91c892b16dc5f546e0d5f078768874d7eb7c0bbe480be1cdf10bf7,30,-0.33756329113924444,1788527290.5100818,30.603242921829224,63.942572832107544,0.4351265822784778,-0.9493670886075778,True,,0.10890010890010071,-2.6943802925327165,-3.1324839544017546,-2.6662816440465864,-0.2945783767867467,0.09778918080361204,-0.19609182505215333,-0.11757442669074747,0.4230271668822792,0.14804917156600844
SOLUSDT:short:50:1788544247.371951,SOLUSDT,short,50,52,1788544247.3719513,2026-09-04T17:50:47.371951+00:00,2026-09-04,101.12,5b9b9c0e761450b8f15aa20f99fb8589e5ef899a7369d133930d76e619a15966,30,-0.3870094936708889,1788546070.506377,30.385573760668436,63.380372285842896,0.0692246835443111,-0.3659018987341778,True,,-0.10866343969179182,-0.33510743150009237,-0.765456329735037,-0.7946630040223668,-0.16504636914887363,-0.3529150292260479,-0.21057879440778512,0.07035870039044934,0.2888888888888905,0.05732484076433162
SOLUSDT:short:50:1788584770.719769,SOLUSDT,short,50,50,1788584770.7197685,2026-09-05T05:06:10.719769+00:00,2026-09-05,101.53,1a31c3e1568412a7406f31314e6bd7eed7eb09312dde84887fc9ddb676389db2,30,-0.33668472372697866,1788586581.0361671,30.17193997701009,62.65211868286133,-0.0,-0.2659312518467516,True,,-0.1475216365066978,-0.1965988400668417,-0.25542784163474774,-0.245627824719985,-0.21028266498958886,-0.5825448226506803,-0.12229555985739116,-0.06600685862609978,0.19117647058823514,0.036390101892285275
SOLUSDT:short:50:1788607728.908797,SOLUSDT,short,50,62,1788607728.9087968,2026-09-05T11:28:48.908797+00:00,2026-09-05,102.25,954f27c9be77adff0343e6df368285ea1d8d1ab8d288a6b517577220310e2dd9,30,-0.14933985330073607,1788609588.524608,30.993596851825714,62.135709047317505,0.09779951100243878,-0.1173594132029443,True,,0.00978090766823314,-0.13673210274440795,-0.16598320640499598,-0.21469698448326469,-0.8161462221229342,-0.6943212056483502,-0.54656188425039,0.08770493428207349,0.09189189189188815,0.029411764705881905
SOLUSDT:short:50:1788647148.882851,SOLUSDT,short,50,56,1788647148.8828511,2026-09-05T22:25:48.882851+00:00,2026-09-05,103.4,60abe3c8712e1c69d35d6b8233d2aa5687cc6e73f9ff0fe86a348fa74952ae89,30,-0.042630560928415995,1788648979.9421775,30.51765544017156,61.11725068092346,0.19342359767892114,-0.0,True,,-0.1352134440795849,-0.19305019305018156,-0.3757587436169163,-0.5003849114703529,-0.15923615736988492,-0.7780127476020091,-0.45039007976103657,0.1034402620529784,0.16049382716049831,0.049808429118773916
SOLUSDT:short:50:1788704520.391703,SOLUSDT,short,50,54,1788704520.3917031,2026-09-06T14:22:00.391703+00:00,2026-09-06,105.81,f2fbcd689b139a87e3f71628c5a5f8c2cf042d01bf6b49ccfbc11a979af21cfc,30,-0.39407617427464003,1788706370.4354544,30.834062520662943,61.79359531402588,0.26462527171344785,-0.3969379075701829,True,,-0.33907883582933174,-0.8898463844136395,-0.33907883582933174,-0.6945096198967549,-0.4087764756449289,-0.3047535522342911,-0.3005331483387813,-0.22509146790656853,0.07894736842105271,0.04900662251655592
SOLUSDT:short:50:1788429331.976012,SOLUSDT,short,50,58,1788429331.976012,2026-09-03T09:55:31.976012+00:00,2026-09-03,100.15,7c1555951437702b2ed459c492406a8f33e3521ee5787da3e2e70a15f877a589,60,-0.2897453819270889,1788432957.1646051,60.41980988581975,60.519126653671265,0.259610584123815,-0.16974538192708888,True,,-0.029946097025357332,-0.07981642222887331,-0.4868839427662919,-0.5856660710740424,-0.9539420481719815,-0.37932173175056133,-0.38962600949397164,0.023033884677703398,0.1849056603773631,0.046420141620770426
SOLUSDT:short:50:1788477611.751687,SOLUSDT,short,50,56,1788477611.7516866,2026-09-03T23:20:11.751687+00:00,2026-09-03,103.94,668d5f8c1898ffa7279ae28ae9ff7c1c764b9fd63a8534da516a9f64a7388e8f,60,0.0627977679430437,1788481213.8409321,60.034820759296416,62.64882016181946,0.35597460073119036,-0.17317683278814666,True,,-0.04808154630252526,-0.21121351766513197,-0.9246020398436694,-1.3383958234456594,-0.9805351264110629,-0.7327854452742821,-0.21738199186073506,-0.07997309988634349,0.2586666666666683,0.09079201545396018
SOLUSDT:short:50:1788501265.112018,SOLUSDT,short,50,56,1788501265.1120179,2026-09-04T05:54:25.112018+00:00,2026-09-04,103.39,795be82e77c07daad36506ed7212fd59a2da2f1b436529ce3048757807ccd490,60,-0.24573749879098983,1788504878.665651,60.22589388688405,62.6067168712616,0.019344230583229205,-0.5513105716220101,True,,-0.07731709674301257,-0.16415604480494173,-0.5100076982294088,-0.27970679012345734,-0.7611788096185886,-0.7913340645219099,-0.3718725854089019,0.6690985990501774,0.16719242902208004,0.028347996089932173
SOLUSDT:short:50:1788525454.315506,SOLUSDT,short,50,65,1788525454.3155065,2026-09-04T12:37:34.315506+00:00,2026-09-04,101.12,807a2e5b0f91c892b16dc5f546e0d5f078768874d7eb7c0bbe480be1cdf10bf7,60,-0.41667721518986667,1788529056.2847075,60.032820018132526,63.942572832107544,0.4351265822784778,-0.9493670886075778,True,,0.10890010890010071,-2.6943802925327165,-3.1324839544017546,-2.6662816440465864,-0.2945783767867467,0.09778918080361204,-0.19609182505215333,-0.11757442669074747,0.4230271668822792,0.14804917156600844
SOLUSDT:short:50:1788544247.371951,SOLUSDT,short,50,52,1788544247.3719513,2026-09-04T17:50:47.371951+00:00,2026-09-04,101.12,5b9b9c0e761450b8f15aa20f99fb8589e5ef899a7369d133930d76e619a15966,60,-0.5056803797468444,1788547891.997507,60.743759262561795,63.380372285842896,0.0692246835443111,-0.45490506329113334,True,,-0.10866343969179182,-0.33510743150009237,-0.765456329735037,-0.7946630040223668,-0.16504636914887363,-0.3529150292260479,-0.21057879440778512,0.07035870039044934,0.2888888888888905,0.05732484076433162
SOLUSDT:short:50:1788584770.719769,SOLUSDT,short,50,50,1788584770.7197685,2026-09-05T05:06:10.719769+00:00,2026-09-05,101.53,1a31c3e1568412a7406f31314e6bd7eed7eb09312dde84887fc9ddb676389db2,60,-0.4351777799665023,1788588389.9976416,60.32129788398743,62.65211868286133,-0.0,-0.3250270855904569,True,,-0.1475216365066978,-0.1965988400668417,-0.25542784163474774,-0.245627824719985,-0.21028266498958886,-0.5825448226506803,-0.12229555985739116,-0.06600685862609978,0.19117647058823514,0.036390101892285275
SOLUSDT:short:50:1788607728.908797,SOLUSDT,short,50,62,1788607728.9087968,2026-09-05T11:28:48.908797+00:00,2026-09-05,102.25,954f27c9be77adff0343e6df368285ea1d8d1ab8d288a6b517577220310e2dd9,60,-0.19823960880195546,1788611386.4248114,60.95860024293264,62.17607593536377,0.09779951100243878,-0.1173594132029443,True,,0.00978090766823314,-0.13673210274440795,-0.16598320640499598,-0.21469698448326469,-0.8161462221229342,-0.6943212056483502,-0.54656188425039,0.08770493428207349,0.09189189189188815,0.029411764705881905
SOLUSDT:short:50:1788647148.882851,SOLUSDT,short,50,56,1788647148.8828511,2026-09-05T22:25:48.882851+00:00,2026-09-05,103.4,60abe3c8712e1c69d35d6b8233d2aa5687cc6e73f9ff0fe86a348fa74952ae89,60,0.14112185686655299,1788650749.7613912,60.014642333984376,61.17369818687439,0.29980657640232833,-0.0,True,,-0.1352134440795849,-0.19305019305018156,-0.3757587436169163,-0.5003849114703529,-0.15923615736988492,-0.7780127476020091,-0.45039007976103657,0.1034402620529784,0.16049382716049831,0.049808429118773916
SOLUSDT:short:50:1788704520.391703,SOLUSDT,short,50,54,1788704520.3917031,2026-09-06T14:22:00.391703+00:00,2026-09-06,105.81,f2fbcd689b139a87e3f71628c5a5f8c2cf042d01bf6b49ccfbc11a979af21cfc,60,-0.17670541536717532,1788708160.4060571,60.66690589984258,61.947505474090576,0.7088176920895917,-0.3969379075701829,True,,-0.33907883582933174,-0.8898463844136395,-0.33907883582933174,-0.6945096198967549,-0.4087764756449289,-0.3047535522342911,-0.3005331483387813,-0.22509146790656853,0.07894736842105271,0.04900662251655592
SOLUSDT:short:50:1788429331.976012,SOLUSDT,short,50,58,1788429331.976012,2026-09-03T09:55:31.976012+00:00,2026-09-03,100.15,7c1555951437702b2ed459c492406a8f33e3521ee5787da3e2e70a15f877a589,240,-1.3082176734897555,1788443745.4944816,240.22530782620112,60.97110962867737,0.259610584123815,-1.7573639540688912,True,,-0.029946097025357332,-0.07981642222887331,-0.4868839427662919,-0.5856660710740424,-0.9539420481719815,-0.37932173175056133,-0.38962600949397164,0.023033884677703398,0.1849056603773631,0.046420141620770426
SOLUSDT:short:50:1788477611.751687,SOLUSDT,short,50,56,1788477611.7516866,2026-09-03T23:20:11.751687+00:00,2026-09-03,103.94,668d5f8c1898ffa7279ae28ae9ff7c1c764b9fd63a8534da516a9f64a7388e8f,240,0.01469309216855852,1788492044.096927,240.5390873392423,63.41909980773926,0.6734654608427926,-0.26938618433711703,True,,-0.04808154630252526,-0.21121351766513197,-0.9246020398436694,-1.3383958234456594,-0.9805351264110629,-0.7327854452742821,-0.21738199186073506,-0.07997309988634349,0.2586666666666683,0.09079201545396018
SOLUSDT:short:50:1788501265.112018,SOLUSDT,short,50,56,1788501265.1120179,2026-09-04T05:54:25.112018+00:00,2026-09-04,103.39,795be82e77c07daad36506ed7212fd59a2da2f1b436529ce3048757807ccd490,240,-0.9227855692039898,1788515678.7102015,240.22663639386494,62.92647457122803,0.019344230583229205,-1.2767192184930831,True,,-0.07731709674301257,-0.16415604480494173,-0.5100076982294088,-0.27970679012345734,-0.7611788096185886,-0.7913340645219099,-0.3718725854089019,0.6690985990501774,0.16719242902208004,0.028347996089932173
SOLUSDT:short:50:1788525454.315506,SOLUSDT,short,50,65,1788525454.3155065,2026-09-04T12:37:34.315506+00:00,2026-09-04,101.12,807a2e5b0f91c892b16dc5f546e0d5f078768874d7eb7c0bbe480be1cdf10bf7,240,-0.8518037974683556,1788539909.6050348,240.92149213949838,63.942572832107544,0.8306962025316444,-0.9493670886075778,True,,0.10890010890010071,-2.6943802925327165,-3.1324839544017546,-2.6662816440465864,-0.2945783767867467,0.09778918080361204,-0.19609182505215333,-0.11757442669074747,0.4230271668822792,0.14804917156600844
SOLUSDT:short:50:1788544247.371951,SOLUSDT,short,50,52,1788544247.3719513,2026-09-04T17:50:47.371951+00:00,2026-09-04,101.12,5b9b9c0e761450b8f15aa20f99fb8589e5ef899a7369d133930d76e619a15966,240,-0.7034651898734,1788558680.2886233,240.5486111998558,125.33744764328003,0.0692246835443111,-0.7614715189873333,False,,-0.10866343969179182,-0.33510743150009237,-0.765456329735037,-0.7946630040223668,-0.16504636914887363,-0.3529150292260479,-0.21057879440778512,0.07035870039044934,0.2888888888888905,0.05732484076433162
SOLUSDT:short:50:1788584770.719769,SOLUSDT,short,50,50,1788584770.7197685,2026-09-05T05:06:10.719769+00:00,2026-09-05,101.53,1a31c3e1568412a7406f31314e6bd7eed7eb09312dde84887fc9ddb676389db2,240,-1.2428208411307118,1788599227.3646948,240.94408210515977,62.65211868286133,-0.0,-1.1425194523785986,True,,-0.1475216365066978,-0.1965988400668417,-0.25542784163474774,-0.245627824719985,-0.21028266498958886,-0.5825448226506803,-0.12229555985739116,-0.06600685862609978,0.19117647058823514,0.036390101892285275
SOLUSDT:short:50:1788607728.908797,SOLUSDT,short,50,62,1788607728.9087968,2026-09-05T11:28:48.908797+00:00,2026-09-05,102.25,954f27c9be77adff0343e6df368285ea1d8d1ab8d288a6b517577220310e2dd9,240,-0.5111980440097773,1788622187.6386206,240.97883039712906,62.17607593536377,0.09779951100243878,-1.085574572127146,True,,0.00978090766823314,-0.13673210274440795,-0.16598320640499598,-0.21469698448326469,-0.8161462221229342,-0.6943212056483502,-0.54656188425039,0.08770493428207349,0.09189189189188815,0.029411764705881905
SOLUSDT:short:50:1788647148.882851,SOLUSDT,short,50,56,1788647148.8828511,2026-09-05T22:25:48.882851+00:00,2026-09-05,103.4,60abe3c8712e1c69d35d6b8233d2aa5687cc6e73f9ff0fe86a348fa74952ae89,240,-0.7292843326885866,1788661562.5488596,240.22776680787405,61.675830364227295,0.3578336557059969,-0.8123791102514488,True,,-0.1352134440795849,-0.19305019305018156,-0.3757587436169163,-0.5003849114703529,-0.15923615736988492,-0.7780127476020091,-0.45039007976103657,0.1034402620529784,0.16049382716049831,0.049808429118773916
SOLUSDT:short:50:1788704520.391703,SOLUSDT,short,50,54,1788704520.3917031,2026-09-06T14:22:00.391703+00:00,2026-09-06,105.81,f2fbcd689b139a87e3f71628c5a5f8c2cf042d01bf6b49ccfbc11a979af21cfc,240,-0.5641924203761438,1788718958.9543188,240.6427102605502,62.02447843551636,0.7088176920895917,-0.6048577639164554,True,,-0.33907883582933174,-0.8898463844136395,-0.33907883582933174,-0.6945096198967549,-0.4087764756449289,-0.3047535522342911,-0.3005331483387813,-0.22509146790656853,0.07894736842105271,0.04900662251655592
SOLUSDT:short:60:1788477860.029869,SOLUSDT,short,60,85,1788477860.029869,2026-09-03T23:24:20.029869+00:00,2026-09-03,103.81,95fde66ce37252516857e5c8d93bef260435bed1ef8021a6c8364a026599d12e,15,-0.41862248338310415,1788478790.8045342,15.51291108528773,62.2004075050354,-0.0,-0.29862248338310415,True,,-0.12507215701366148,-0.2114774584254575,-0.9635565731730522,-1.5645742461596779,-0.49679505953778913,0.1987029610504425,-0.2228336970188563,-0.1590609132435583,0.2693333333333329,0.10597302504816934
SOLUSDT:short:60:1788525454.315506,SOLUSDT,short,60,65,1788525454.3155065,2026-09-04T12:37:34.315506+00:00,2026-09-04,101.12,807a2e5b0f91c892b16dc5f546e0d5f078768874d7eb7c0bbe480be1cdf10bf7,15,-0.6144620253164667,1788526406.3171926,15.866694768269857,63.942572832107544,0.4351265822784778,-0.9493670886075778,True,,0.10890010890010071,-2.6943802925327165,-3.1324839544017546,-2.6662816440465864,-0.2945783767867467,0.09778918080361204,-0.19609182505215333,-0.11757442669074747,0.4230271668822792,0.14804917156600844
SOLUSDT:short:60:1788607728.908797,SOLUSDT,short,60,62,1788607728.9087968,2026-09-05T11:28:48.908797+00:00,2026-09-05,102.25,954f27c9be77adff0343e6df368285ea1d8d1ab8d288a6b517577220310e2dd9,15,-0.10044009779951668,1788608659.181097,15.504538337389628,62.135709047317505,0.09779951100243878,-0.00977995110025276,True,,0.00978090766823314,-0.13673210274440795,-0.16598320640499598,-0.21469698448326469,-0.8161462221229342,-0.6943212056483502,-0.54656188425039,0.08770493428207349,0.09189189189188815,0.029411764705881905
SOLUSDT:short:60:1788647209.958530,SOLUSDT,short,60,62,1788647209.9585297,2026-09-05T22:26:49.958530+00:00,2026-09-05,103.36,1ef7e47569439523ac102a793d44c89435bba9379b49865cf0b6a6e4d5ddd367,15,-0.03292569659442346,1788648125.5572817,15.259979200363158,61.11725068092346,0.12577399380804266,-0.009674922600622082,True,,-0.08699855002416435,-0.2894076789504152,-0.42389210019267987,-0.5005775895263742,-0.9589007199539676,-0.8105913395750471,-0.4779102679469845,0.10841852614693614,0.17886178861788882,0.049808429118773916
SOLUSDT:short:60:1788477860.029869,SOLUSDT,short,60,85,1788477860.029869,2026-09-03T23:24:20.029869+00:00,2026-09-03,103.81,95fde66ce37252516857e5c8d93bef260435bed1ef8021a6c8364a026599d12e,30,-0.12,1788479722.0278094,31.033299005031587,62.30201268196106,-0.0,-0.29862248338310415,True,,-0.12507215701366148,-0.2114774584254575,-0.9635565731730522,-1.5645742461596779,-0.49679505953778913,0.1987029610504425,-0.2228336970188563,-0.1590609132435583,0.2693333333333329,0.10597302504816934
SOLUSDT:short:60:1788525454.315506,SOLUSDT,short,60,65,1788525454.3155065,2026-09-04T12:37:34.315506+00:00,2026-09-04,101.12,807a2e5b0f91c892b16dc5f546e0d5f078768874d7eb7c0bbe480be1cdf10bf7,30,-0.33756329113924444,1788527290.5100818,30.603242921829224,63.942572832107544,0.4351265822784778,-0.9493670886075778,True,,0.10890010890010071,-2.6943802925327165,-3.1324839544017546,-2.6662816440465864,-0.2945783767867467,0.09778918080361204,-0.19609182505215333,-0.11757442669074747,0.4230271668822792,0.14804917156600844
SOLUSDT:short:60:1788607728.908797,SOLUSDT,short,60,62,1788607728.9087968,2026-09-05T11:28:48.908797+00:00,2026-09-05,102.25,954f27c9be77adff0343e6df368285ea1d8d1ab8d288a6b517577220310e2dd9,30,-0.14933985330073607,1788609588.524608,30.993596851825714,62.135709047317505,0.09779951100243878,-0.1173594132029443,True,,0.00978090766823314,-0.13673210274440795,-0.16598320640499598,-0.21469698448326469,-0.8161462221229342,-0.6943212056483502,-0.54656188425039,0.08770493428207349,0.09189189189188815,0.029411764705881905
SOLUSDT:short:60:1788647209.958530,SOLUSDT,short,60,62,1788647209.9585297,2026-09-05T22:26:49.958530+00:00,2026-09-05,103.36,1ef7e47569439523ac102a793d44c89435bba9379b49865cf0b6a6e4d5ddd367,30,-0.061950464396278604,1788649040.9347837,30.516270899772643,61.11725068092346,0.1547987616099089,-0.009674922600622082,True,,-0.08699855002416435,-0.2894076789504152,-0.42389210019267987,-0.5005775895263742,-0.9589007199539676,-0.8105913395750471,-0.4779102679469845,0.10841852614693614,0.17886178861788882,0.049808429118773916
SOLUSDT:short:60:1788477860.029869,SOLUSDT,short,60,85,1788477860.029869,2026-09-03T23:24:20.029869+00:00,2026-09-03,103.81,95fde66ce37252516857e5c8d93bef260435bed1ef8021a6c8364a026599d12e,60,-0.13926596666987912,1788481462.4055707,60.03959502776464,62.64882016181946,0.23119160003853834,-0.29862248338310415,True,,-0.12507215701366148,-0.2114774584254575,-0.9635565731730522,-1.5645742461596779,-0.49679505953778913,0.1987029610504425,-0.2228336970188563,-0.1590609132435583,0.2693333333333329,0.10597302504816934
SOLUSDT:short:60:1788525454.315506,SOLUSDT,short,60,65,1788525454.3155065,2026-09-04T12:37:34.315506+00:00,2026-09-04,101.12,807a2e5b0f91c892b16dc5f546e0d5f078768874d7eb7c0bbe480be1cdf10bf7,60,-0.41667721518986667,1788529056.2847075,60.032820018132526,63.942572832107544,0.4351265822784778,-0.9493670886075778,True,,0.10890010890010071,-2.6943802925327165,-3.1324839544017546,-2.6662816440465864,-0.2945783767867467,0.09778918080361204,-0.19609182505215333,-0.11757442669074747,0.4230271668822792,0.14804917156600844
SOLUSDT:short:60:1788607728.908797,SOLUSDT,short,60,62,1788607728.9087968,2026-09-05T11:28:48.908797+00:00,2026-09-05,102.25,954f27c9be77adff0343e6df368285ea1d8d1ab8d288a6b517577220310e2dd9,60,-0.19823960880195546,1788611386.4248114,60.95860024293264,62.17607593536377,0.09779951100243878,-0.1173594132029443,True,,0.00978090766823314,-0.13673210274440795,-0.16598320640499598,-0.21469698448326469,-0.8161462221229342,-0.6943212056483502,-0.54656188425039,0.08770493428207349,0.09189189189188815,0.029411764705881905
SOLUSDT:short:60:1788647209.958530,SOLUSDT,short,60,62,1788647209.9585297,2026-09-05T22:26:49.958530+00:00,2026-09-05,103.36,1ef7e47569439523ac102a793d44c89435bba9379b49865cf0b6a6e4d5ddd367,60,0.0928482972136192,1788650810.8602152,60.01502809127172,61.17369818687439,0.2612229102167185,-0.009674922600622082,True,,-0.08699855002416435,-0.2894076789504152,-0.42389210019267987,-0.5005775895263742,-0.9589007199539676,-0.8105913395750471,-0.4779102679469845,0.10841852614693614,0.17886178861788882,0.049808429118773916
SOLUSDT:short:60:1788477860.029869,SOLUSDT,short,60,85,1788477860.029869,2026-09-03T23:24:20.029869+00:00,2026-09-03,103.81,95fde66ce37252516857e5c8d93bef260435bed1ef8021a6c8364a026599d12e,240,-0.19706386667951648,1788492293.1046476,240.5512463092804,63.41909980773926,0.5490800500915216,-0.39495231673249975,True,,-0.12507215701366148,-0.2114774584254575,-0.9635565731730522,-1.5645742461596779,-0.49679505953778913,0.1987029610504425,-0.2228336970188563,-0.1590609132435583,0.2693333333333329,0.10597302504816934
SOLUSDT:short:60:1788525454.315506,SOLUSDT,short,60,65,1788525454.3155065,2026-09-04T12:37:34.315506+00:00,2026-09-04,101.12,807a2e5b0f91c892b16dc5f546e0d5f078768874d7eb7c0bbe480be1cdf10bf7,240,-0.8518037974683556,1788539909.6050348,240.92149213949838,63.942572832107544,0.8306962025316444,-0.9493670886075778,True,,0.10890010890010071,-2.6943802925327165,-3.1324839544017546,-2.6662816440465864,-0.2945783767867467,0.09778918080361204,-0.19609182505215333,-0.11757442669074747,0.4230271668822792,0.14804917156600844
SOLUSDT:short:60:1788607728.908797,SOLUSDT,short,60,62,1788607728.9087968,2026-09-05T11:28:48.908797+00:00,2026-09-05,102.25,954f27c9be77adff0343e6df368285ea1d8d1ab8d288a6b517577220310e2dd9,240,-0.5111980440097773,1788622187.6386206,240.97883039712906,62.17607593536377,0.09779951100243878,-1.085574572127146,True,,0.00978090766823314,-0.13673210274440795,-0.16598320640499598,-0.21469698448326469,-0.8161462221229342,-0.6943212056483502,-0.54656188425039,0.08770493428207349,0.09189189189188815,0.029411764705881905
SOLUSDT:short:60:1788647209.958530,SOLUSDT,short,60,62,1788647209.9585297,2026-09-05T22:26:49.958530+00:00,2026-09-05,103.36,1ef7e47569439523ac102a793d44c89435bba9379b49865cf0b6a6e4d5ddd367,240,-0.7004953560371473,1788661623.7700307,240.23019168376922,61.675830364227295,0.3192724458204288,-0.8513931888544768,True,,-0.08699855002416435,-0.2894076789504152,-0.42389210019267987,-0.5005775895263742,-0.9589007199539676,-0.8105913395750471,-0.4779102679469845,0.10841852614693614,0.17886178861788882,0.049808429118773916
SOLUSDT:short:70:1788477860.029869,SOLUSDT,short,70,85,1788477860.029869,2026-09-03T23:24:20.029869+00:00,2026-09-03,103.81,95fde66ce37252516857e5c8d93bef260435bed1ef8021a6c8364a026599d12e,15,-0.41862248338310415,1788478790.8045342,15.51291108528773,62.2004075050354,-0.0,-0.29862248338310415,True,,-0.12507215701366148,-0.2114774584254575,-0.9635565731730522,-1.5645742461596779,-0.49679505953778913,0.1987029610504425,-0.2228336970188563,-0.1590609132435583,0.2693333333333329,0.10597302504816934
SOLUSDT:short:70:1788533355.598924,SOLUSDT,short,70,71,1788533355.5989237,2026-09-04T14:49:15.598924+00:00,2026-09-04,100.49,9e53eaf533ebf631378c5a11ef78c3c456d7358a653c1f4c35a4321e6cd53b82,15,-0.48819584038212394,1788534303.4383197,15.79732326666514,63.42363429069519,0.20897601751417305,-0.4577569907453505,True,,-0.2085402184707097,-0.6131935515774956,-1.5190121520972322,-3.319222628439489,0.34796659552641535,0.15894114927963177,-0.14056925932556943,0.018306340420015665,0.3169734151329312,0.14075887392900932
SOLUSDT:short:70:1788650017.418206,SOLUSDT,short,70,85,1788650017.4182062,2026-09-05T23:13:37.418206+00:00,2026-09-05,103.14,6ebef4494ed55e7c8ca2d2c7974fc021b67447572e8c61fb44c708265019e79d,15,-0.17817335660267541,1788650932.9215286,15.25838870604833,61.09882402420044,0.04847779716888878,-0.11634671320535084,True,,-0.019387359441636054,-0.19353590090962491,-0.5112375807851843,-0.6358381502890142,-0.2752457213398224,0.15276591745203147,-0.8220378343206564,-0.009391818044501843,0.25853658536585994,0.06573705179282896
SOLUSDT:short:70:1788477860.029869,SOLUSDT,short,70,85,1788477860.029869,2026-09-03T23:24:20.029869+00:00,2026-09-03,103.81,95fde66ce37252516857e5c8d93bef260435bed1ef8021a6c8364a026599d12e,30,-0.12,1788479722.0278094,31.033299005031587,62.30201268196106,-0.0,-0.29862248338310415,True,,-0.12507215701366148,-0.2114774584254575,-0.9635565731730522,-1.5645742461596779,-0.49679505953778913,0.1987029610504425,-0.2228336970188563,-0.1590609132435583,0.2693333333333329,0.10597302504816934
SOLUSDT:short:70:1788533355.598924,SOLUSDT,short,70,71,1788533355.5989237,2026-09-04T14:49:15.598924+00:00,2026-09-04,100.49,9e53eaf533ebf631378c5a11ef78c3c456d7358a653c1f4c35a4321e6cd53b82,30,-0.7966842471887857,1788535186.1653266,30.509440048535666,63.42363429069519,0.20897601751417305,-0.7463429196935101,True,,-0.2085402184707097,-0.6131935515774956,-1.5190121520972322,-3.319222628439489,0.34796659552641535,0.15894114927963177,-0.14056925932556943,0.018306340420015665,0.3169734151329312,0.14075887392900932
SOLUSDT:short:70:1788650017.418206,SOLUSDT,short,70,85,1788650017.4182062,2026-09-05T23:13:37.418206+00:00,2026-09-05,103.14,6ebef4494ed55e7c8ca2d2c7974fc021b67447572e8c61fb44c708265019e79d,30,-0.09091332169866229,1788651848.7338307,30.521927074591318,61.13164567947388,0.06786891603646206,-0.1842156292418018,True,,-0.019387359441636054,-0.19353590090962491,-0.5112375807851843,-0.6358381502890142,-0.2752457213398224,0.15276591745203147,-0.8220378343206564,-0.009391818044501843,0.25853658536585994,0.06573705179282896
SOLUSDT:short:70:1788477860.029869,SOLUSDT,short,70,85,1788477860.029869,2026-09-03T23:24:20.029869+00:00,2026-09-03,103.81,95fde66ce37252516857e5c8d93bef260435bed1ef8021a6c8364a026599d12e,60,-0.13926596666987912,1788481462.4055707,60.03959502776464,62.64882016181946,0.23119160003853834,-0.29862248338310415,True,,-0.12507215701366148,-0.2114774584254575,-0.9635565731730522,-1.5645742461596779,-0.49679505953778913,0.1987029610504425,-0.2228336970188563,-0.1590609132435583,0.2693333333333329,0.10597302504816934
SOLUSDT:short:70:1788533355.598924,SOLUSDT,short,70,71,1788533355.5989237,2026-09-04T14:49:15.598924+00:00,2026-09-04,100.49,9e53eaf533ebf631378c5a11ef78c3c456d7358a653c1f4c35a4321e6cd53b82,60,-0.9957090257737188,1788537013.5440226,60.96575164794922,63.42363429069519,0.20897601751417305,-1.0846850432878918,True,,-0.2085402184707097,-0.6131935515774956,-1.5190121520972322,-3.319222628439489,0.34796659552641535,0.15894114927963177,-0.14056925932556943,0.018306340420015665,0.3169734151329312,0.14075887392900932
SOLUSDT:short:70:1788650017.418206,SOLUSDT,short,70,85,1788650017.4182062,2026-09-05T23:13:37.418206+00:00,2026-09-05,103.14,6ebef4494ed55e7c8ca2d2c7974fc021b67447572e8c61fb44c708265019e79d,60,-0.2751289509404752,1788653620.4765997,60.05097322463989,61.675830364227295,0.1066511537715753,-0.1842156292418018,True,,-0.019387359441636054,-0.19353590090962491,-0.5112375807851843,-0.6358381502890142,-0.2752457213398224,0.15276591745203147,-0.8220378343206564,-0.009391818044501843,0.25853658536585994,0.06573705179282896
SOLUSDT:short:70:1788477860.029869,SOLUSDT,short,70,85,1788477860.029869,2026-09-03T23:24:20.029869+00:00,2026-09-03,103.81,95fde66ce37252516857e5c8d93bef260435bed1ef8021a6c8364a026599d12e,240,-0.19706386667951648,1788492293.1046476,240.5512463092804,63.41909980773926,0.5490800500915216,-0.39495231673249975,True,,-0.12507215701366148,-0.2114774584254575,-0.9635565731730522,-1.5645742461596779,-0.49679505953778913,0.1987029610504425,-0.2228336970188563,-0.1590609132435583,0.2693333333333329,0.10597302504816934
SOLUSDT:short:70:1788533355.598924,SOLUSDT,short,70,71,1788533355.5989237,2026-09-04T14:49:15.598924+00:00,2026-09-04,100.49,9e53eaf533ebf631378c5a11ef78c3c456d7358a653c1f4c35a4321e6cd53b82,240,-1.1250751318539276,1788547766.5910974,240.1832028945287,63.42363429069519,0.20897601751417305,-1.4429296447407758,True,,-0.2085402184707097,-0.6131935515774956,-1.5190121520972322,-3.319222628439489,0.34796659552641535,0.15894114927963177,-0.14056925932556943,0.018306340420015665,0.3169734151329312,0.14075887392900932
SOLUSDT:short:70:1788650017.418206,SOLUSDT,short,70,85,1788650017.4182062,2026-09-05T23:13:37.418206+00:00,2026-09-05,103.14,6ebef4494ed55e7c8ca2d2c7974fc021b67447572e8c61fb44c708265019e79d,240,-1.3707271669575327,1788664436.1644852,240.31243798335393,61.675830364227295,0.1066511537715753,-1.493116152802032,True,,-0.019387359441636054,-0.19353590090962491,-0.5112375807851843,-0.6358381502890142,-0.2752457213398224,0.15276591745203147,-0.8220378343206564,-0.009391818044501843,0.25853658536585994,0.06573705179282896
SOLUSDT:short:80:1788477860.029869,SOLUSDT,short,80,85,1788477860.029869,2026-09-03T23:24:20.029869+00:00,2026-09-03,103.81,95fde66ce37252516857e5c8d93bef260435bed1ef8021a6c8364a026599d12e,15,-0.41862248338310415,1788478790.8045342,15.51291108528773,62.2004075050354,-0.0,-0.29862248338310415,True,,-0.12507215701366148,-0.2114774584254575,-0.9635565731730522,-1.5645742461596779,-0.49679505953778913,0.1987029610504425,-0.2228336970188563,-0.1590609132435583,0.2693333333333329,0.10597302504816934
SOLUSDT:short:80:1788650017.418206,SOLUSDT,short,80,85,1788650017.4182062,2026-09-05T23:13:37.418206+00:00,2026-09-05,103.14,6ebef4494ed55e7c8ca2d2c7974fc021b67447572e8c61fb44c708265019e79d,15,-0.17817335660267541,1788650932.9215286,15.25838870604833,61.09882402420044,0.04847779716888878,-0.11634671320535084,True,,-0.019387359441636054,-0.19353590090962491,-0.5112375807851843,-0.6358381502890142,-0.2752457213398224,0.15276591745203147,-0.8220378343206564,-0.009391818044501843,0.25853658536585994,0.06573705179282896
SOLUSDT:short:80:1788477860.029869,SOLUSDT,short,80,85,1788477860.029869,2026-09-03T23:24:20.029869+00:00,2026-09-03,103.81,95fde66ce37252516857e5c8d93bef260435bed1ef8021a6c8364a026599d12e,30,-0.12,1788479722.0278094,31.033299005031587,62.30201268196106,-0.0,-0.29862248338310415,True,,-0.12507215701366148,-0.2114774584254575,-0.9635565731730522,-1.5645742461596779,-0.49679505953778913,0.1987029610504425,-0.2228336970188563,-0.1590609132435583,0.2693333333333329,0.10597302504816934
SOLUSDT:short:80:1788650017.418206,SOLUSDT,short,80,85,1788650017.4182062,2026-09-05T23:13:37.418206+00:00,2026-09-05,103.14,6ebef4494ed55e7c8ca2d2c7974fc021b67447572e8c61fb44c708265019e79d,30,-0.09091332169866229,1788651848.7338307,30.521927074591318,61.13164567947388,0.06786891603646206,-0.1842156292418018,True,,-0.019387359441636054,-0.19353590090962491,-0.5112375807851843,-0.6358381502890142,-0.2752457213398224,0.15276591745203147,-0.8220378343206564,-0.009391818044501843,0.25853658536585994,0.06573705179282896
SOLUSDT:short:80:1788477860.029869,SOLUSDT,short,80,85,1788477860.029869,2026-09-03T23:24:20.029869+00:00,2026-09-03,103.81,95fde66ce37252516857e5c8d93bef260435bed1ef8021a6c8364a026599d12e,60,-0.13926596666987912,1788481462.4055707,60.03959502776464,62.64882016181946,0.23119160003853834,-0.29862248338310415,True,,-0.12507215701366148,-0.2114774584254575,-0.9635565731730522,-1.5645742461596779,-0.49679505953778913,0.1987029610504425,-0.2228336970188563,-0.1590609132435583,0.2693333333333329,0.10597302504816934
SOLUSDT:short:80:1788650017.418206,SOLUSDT,short,80,85,1788650017.4182062,2026-09-05T23:13:37.418206+00:00,2026-09-05,103.14,6ebef4494ed55e7c8ca2d2c7974fc021b67447572e8c61fb44c708265019e79d,60,-0.2751289509404752,1788653620.4765997,60.05097322463989,61.675830364227295,0.1066511537715753,-0.1842156292418018,True,,-0.019387359441636054,-0.19353590090962491,-0.5112375807851843,-0.6358381502890142,-0.2752457213398224,0.15276591745203147,-0.8220378343206564,-0.009391818044501843,0.25853658536585994,0.06573705179282896
SOLUSDT:short:80:1788477860.029869,SOLUSDT,short,80,85,1788477860.029869,2026-09-03T23:24:20.029869+00:00,2026-09-03,103.81,95fde66ce37252516857e5c8d93bef260435bed1ef8021a6c8364a026599d12e,240,-0.19706386667951648,1788492293.1046476,240.5512463092804,63.41909980773926,0.5490800500915216,-0.39495231673249975,True,,-0.12507215701366148,-0.2114774584254575,-0.9635565731730522,-1.5645742461596779,-0.49679505953778913,0.1987029610504425,-0.2228336970188563,-0.1590609132435583,0.2693333333333329,0.10597302504816934
SOLUSDT:short:80:1788650017.418206,SOLUSDT,short,80,85,1788650017.4182062,2026-09-05T23:13:37.418206+00:00,2026-09-05,103.14,6ebef4494ed55e7c8ca2d2c7974fc021b67447572e8c61fb44c708265019e79d,240,-1.3707271669575327,1788664436.1644852,240.31243798335393,61.675830364227295,0.1066511537715753,-1.493116152802032,True,,-0.019387359441636054,-0.19353590090962491,-0.5112375807851843,-0.6358381502890142,-0.2752457213398224,0.15276591745203147,-0.8220378343206564,-0.009391818044501843,0.25853658536585994,0.06573705179282896
